timestamp,buyer,seller,symbol,currency,price,quantity,day,globalTs
700,,,ASH_COATED_OSMIUM,XIRECS,9990.0,6,0,700
900,,,ASH_COATED_OSMIUM,XIRECS,9998.0,2,0,900
2500,,,ASH_COATED_OSMIUM,XIRECS,10011.0,8,0,2500
6100,,,ASH_COATED_OSMIUM,XIRECS,10013.0,8,0,6100
12900,,,ASH_COATED_OSMIUM,XIRECS,10001.0,9,0,12900
13800,,,ASH_COATED_OSMIUM,XIRECS,10017.0,3,0,13800
15000,,,ASH_COATED_OSMIUM,XIRECS,10016.0,3,0,15000
15100,,,ASH_COATED_OSMIUM,XIRECS,10016.0,5,0,15100
15900,,,ASH_COATED_OSMIUM,XIRECS,9995.0,9,0,15900
17400,,,ASH_COATED_OSMIUM,XIRECS,10014.0,4,0,17400
18400,,,ASH_COATED_OSMIUM,XIRECS,10018.0,4,0,18400
24000,,,ASH_COATED_OSMIUM,XIRECS,10013.0,6,0,24000
28700,,,ASH_COATED_OSMIUM,XIRECS,10011.0,2,0,28700
28800,,,ASH_COATED_OSMIUM,XIRECS,10011.0,10,0,28800
30700,,,ASH_COATED_OSMIUM,XIRECS,10012.0,6,0,30700
32400,,,ASH_COATED_OSMIUM,XIRECS,10005.0,4,0,32400
33000,,,ASH_COATED_OSMIUM,XIRECS,10013.0,9,0,33000
36600,,,ASH_COATED_OSMIUM,XIRECS,9997.0,6,0,36600
36700,,,ASH_COATED_OSMIUM,XIRECS,10012.0,10,0,36700
40500,,,ASH_COATED_OSMIUM,XIRECS,9997.0,2,0,40500
42000,,,ASH_COATED_OSMIUM,XIRECS,10006.0,4,0,42000
44200,,,ASH_COATED_OSMIUM,XIRECS,10014.0,2,0,44200
45600,,,ASH_COATED_OSMIUM,XIRECS,10011.0,4,0,45600
48000,,,ASH_COATED_OSMIUM,XIRECS,10014.0,10,0,48000
50000,,,ASH_COATED_OSMIUM,XIRECS,10008.0,3,0,50000
50800,,,ASH_COATED_OSMIUM,XIRECS,10015.0,5,0,50800
51400,,,ASH_COATED_OSMIUM,XIRECS,10018.0,8,0,51400
53800,,,ASH_COATED_OSMIUM,XIRECS,9999.0,10,0,53800
55900,,,ASH_COATED_OSMIUM,XIRECS,10013.0,6,0,55900
57600,,,ASH_COATED_OSMIUM,XIRECS,9998.0,6,0,57600
67300,,,ASH_COATED_OSMIUM,XIRECS,9989.0,8,0,67300
69400,,,ASH_COATED_OSMIUM,XIRECS,9987.0,5,0,69400
71700,,,ASH_COATED_OSMIUM,XIRECS,9990.0,8,0,71700
72900,,,ASH_COATED_OSMIUM,XIRECS,9990.0,9,0,72900
73900,,,ASH_COATED_OSMIUM,XIRECS,9991.0,7,0,73900
74500,,,ASH_COATED_OSMIUM,XIRECS,10007.0,9,0,74500
76000,,,ASH_COATED_OSMIUM,XIRECS,10008.0,7,0,76000
79600,,,ASH_COATED_OSMIUM,XIRECS,10008.0,6,0,79600
81200,,,ASH_COATED_OSMIUM,XIRECS,9991.0,6,0,81200
84600,,,ASH_COATED_OSMIUM,XIRECS,9990.0,2,0,84600
86100,,,ASH_COATED_OSMIUM,XIRECS,10007.0,6,0,86100
86200,,,ASH_COATED_OSMIUM,XIRECS,9991.0,4,0,86200
94000,,,ASH_COATED_OSMIUM,XIRECS,10004.0,8,0,94000
94400,,,ASH_COATED_OSMIUM,XIRECS,10004.0,3,0,94400
96300,,,ASH_COATED_OSMIUM,XIRECS,10006.0,8,0,96300
97200,,,ASH_COATED_OSMIUM,XIRECS,9994.0,4,0,97200
97600,,,ASH_COATED_OSMIUM,XIRECS,9999.0,3,0,97600
98200,,,ASH_COATED_OSMIUM,XIRECS,9990.0,3,0,98200
100100,,,ASH_COATED_OSMIUM,XIRECS,9993.0,3,0,100100
101700,,,ASH_COATED_OSMIUM,XIRECS,10001.0,5,0,101700
103900,,,ASH_COATED_OSMIUM,XIRECS,10004.0,4,0,103900
105100,,,ASH_COATED_OSMIUM,XIRECS,9990.0,8,0,105100
105200,,,ASH_COATED_OSMIUM,XIRECS,10005.0,3,0,105200
106000,,,ASH_COATED_OSMIUM,XIRECS,9989.0,4,0,106000
107900,,,ASH_COATED_OSMIUM,XIRECS,9991.0,6,0,107900
108800,,,ASH_COATED_OSMIUM,XIRECS,9990.0,9,0,108800
111800,,,ASH_COATED_OSMIUM,XIRECS,9989.0,6,0,111800
113300,,,ASH_COATED_OSMIUM,XIRECS,9995.0,5,0,113300
113500,,,ASH_COATED_OSMIUM,XIRECS,10010.0,4,0,113500
114100,,,ASH_COATED_OSMIUM,XIRECS,10011.0,10,0,114100
118900,,,ASH_COATED_OSMIUM,XIRECS,9993.0,3,0,118900
119100,,,ASH_COATED_OSMIUM,XIRECS,10010.0,4,0,119100
120000,,,ASH_COATED_OSMIUM,XIRECS,10010.0,8,0,120000
120900,,,ASH_COATED_OSMIUM,XIRECS,10010.0,6,0,120900
122900,,,ASH_COATED_OSMIUM,XIRECS,9991.0,3,0,122900
125200,,,ASH_COATED_OSMIUM,XIRECS,10007.0,3,0,125200
125400,,,ASH_COATED_OSMIUM,XIRECS,9990.0,3,0,125400
133100,,,ASH_COATED_OSMIUM,XIRECS,9991.0,8,0,133100
135800,,,ASH_COATED_OSMIUM,XIRECS,9992.0,2,0,135800
137500,,,ASH_COATED_OSMIUM,XIRECS,9992.0,5,0,137500
139000,,,ASH_COATED_OSMIUM,XIRECS,9988.0,6,0,139000
149800,,,ASH_COATED_OSMIUM,XIRECS,10007.0,6,0,149800
157000,,,ASH_COATED_OSMIUM,XIRECS,10005.0,3,0,157000
160300,,,ASH_COATED_OSMIUM,XIRECS,10004.0,5,0,160300
161600,,,ASH_COATED_OSMIUM,XIRECS,10005.0,2,0,161600
173600,,,ASH_COATED_OSMIUM,XIRECS,9992.0,5,0,173600
174200,,,ASH_COATED_OSMIUM,XIRECS,10007.0,3,0,174200
175000,,,ASH_COATED_OSMIUM,XIRECS,9998.0,3,0,175000
175400,,,ASH_COATED_OSMIUM,XIRECS,10011.0,4,0,175400
179600,,,ASH_COATED_OSMIUM,XIRECS,10009.0,10,0,179600
183600,,,ASH_COATED_OSMIUM,XIRECS,10010.0,10,0,183600
184400,,,ASH_COATED_OSMIUM,XIRECS,10010.0,5,0,184400
184800,,,ASH_COATED_OSMIUM,XIRECS,9993.0,2,0,184800
186400,,,ASH_COATED_OSMIUM,XIRECS,9992.0,5,0,186400
190100,,,ASH_COATED_OSMIUM,XIRECS,10009.0,3,0,190100
190800,,,ASH_COATED_OSMIUM,XIRECS,9991.0,6,0,190800
192800,,,ASH_COATED_OSMIUM,XIRECS,10006.0,5,0,192800
194700,,,ASH_COATED_OSMIUM,XIRECS,9989.0,9,0,194700
197100,,,ASH_COATED_OSMIUM,XIRECS,9987.0,3,0,197100
200600,,,ASH_COATED_OSMIUM,XIRECS,10000.0,6,0,200600
202700,,,ASH_COATED_OSMIUM,XIRECS,9987.0,2,0,202700
203500,,,ASH_COATED_OSMIUM,XIRECS,9996.0,3,0,203500
206500,,,ASH_COATED_OSMIUM,XIRECS,9985.0,3,0,206500
207600,,,ASH_COATED_OSMIUM,XIRECS,10003.0,2,0,207600
208500,,,ASH_COATED_OSMIUM,XIRECS,10003.0,9,0,208500
211000,,,ASH_COATED_OSMIUM,XIRECS,9987.0,2,0,211000
216000,,,ASH_COATED_OSMIUM,XIRECS,9990.0,6,0,216000
216600,,,ASH_COATED_OSMIUM,XIRECS,10006.0,5,0,216600
220300,,,ASH_COATED_OSMIUM,XIRECS,10000.0,2,0,220300
221200,,,ASH_COATED_OSMIUM,XIRECS,9992.0,3,0,221200
224200,,,ASH_COATED_OSMIUM,XIRECS,10009.0,4,0,224200
225700,,,ASH_COATED_OSMIUM,XIRECS,10007.0,4,0,225700
232000,,,ASH_COATED_OSMIUM,XIRECS,10006.0,4,0,232000
232100,,,ASH_COATED_OSMIUM,XIRECS,9990.0,2,0,232100
236400,,,ASH_COATED_OSMIUM,XIRECS,10006.0,9,0,236400
236600,,,ASH_COATED_OSMIUM,XIRECS,9990.0,10,0,236600
236800,,,ASH_COATED_OSMIUM,XIRECS,10006.0,2,0,236800
242400,,,ASH_COATED_OSMIUM,XIRECS,10008.0,5,0,242400
242600,,,ASH_COATED_OSMIUM,XIRECS,10005.0,4,0,242600
244000,,,ASH_COATED_OSMIUM,XIRECS,10005.0,2,0,244000
245900,,,ASH_COATED_OSMIUM,XIRECS,9990.0,3,0,245900
249700,,,ASH_COATED_OSMIUM,XIRECS,9990.0,4,0,249700
253000,,,ASH_COATED_OSMIUM,XIRECS,10007.0,2,0,253000
254100,,,ASH_COATED_OSMIUM,XIRECS,10000.0,4,0,254100
254400,,,ASH_COATED_OSMIUM,XIRECS,9995.0,2,0,254400
255200,,,ASH_COATED_OSMIUM,XIRECS,9989.0,2,0,255200
257500,,,ASH_COATED_OSMIUM,XIRECS,10004.0,5,0,257500
260000,,,ASH_COATED_OSMIUM,XIRECS,10003.0,7,0,260000
260800,,,ASH_COATED_OSMIUM,XIRECS,9987.0,3,0,260800
261600,,,ASH_COATED_OSMIUM,XIRECS,10003.0,4,0,261600
263500,,,ASH_COATED_OSMIUM,XIRECS,9986.0,3,0,263500
269500,,,ASH_COATED_OSMIUM,XIRECS,10002.0,2,0,269500
274300,,,ASH_COATED_OSMIUM,XIRECS,9985.0,5,0,274300
281200,,,ASH_COATED_OSMIUM,XIRECS,9983.0,3,0,281200
281300,,,ASH_COATED_OSMIUM,XIRECS,9983.0,4,0,281300
281600,,,ASH_COATED_OSMIUM,XIRECS,10000.0,5,0,281600
282600,,,ASH_COATED_OSMIUM,XIRECS,10002.0,6,0,282600
285400,,,ASH_COATED_OSMIUM,XIRECS,9987.0,10,0,285400
288300,,,ASH_COATED_OSMIUM,XIRECS,10001.0,7,0,288300
289400,,,ASH_COATED_OSMIUM,XIRECS,9986.0,6,0,289400
291200,,,ASH_COATED_OSMIUM,XIRECS,9986.0,7,0,291200
292200,,,ASH_COATED_OSMIUM,XIRECS,9986.0,2,0,292200
295400,,,ASH_COATED_OSMIUM,XIRECS,10001.0,6,0,295400
297600,,,ASH_COATED_OSMIUM,XIRECS,10003.0,6,0,297600
298600,,,ASH_COATED_OSMIUM,XIRECS,10006.0,2,0,298600
300000,,,ASH_COATED_OSMIUM,XIRECS,10000.0,6,0,300000
300900,,,ASH_COATED_OSMIUM,XIRECS,9982.0,10,0,300900
302000,,,ASH_COATED_OSMIUM,XIRECS,9981.0,6,0,302000
303700,,,ASH_COATED_OSMIUM,XIRECS,10000.0,5,0,303700
304000,,,ASH_COATED_OSMIUM,XIRECS,10000.0,5,0,304000
306100,,,ASH_COATED_OSMIUM,XIRECS,9985.0,9,0,306100
306400,,,ASH_COATED_OSMIUM,XIRECS,10001.0,7,0,306400
313700,,,ASH_COATED_OSMIUM,XIRECS,10000.0,4,0,313700
314200,,,ASH_COATED_OSMIUM,XIRECS,10000.0,4,0,314200
315300,,,ASH_COATED_OSMIUM,XIRECS,10000.0,6,0,315300
316200,,,ASH_COATED_OSMIUM,XIRECS,9985.0,3,0,316200
318800,,,ASH_COATED_OSMIUM,XIRECS,9986.0,7,0,318800
321100,,,ASH_COATED_OSMIUM,XIRECS,10002.0,6,0,321100
324600,,,ASH_COATED_OSMIUM,XIRECS,10002.0,6,0,324600
330800,,,ASH_COATED_OSMIUM,XIRECS,9982.0,6,0,330800
333400,,,ASH_COATED_OSMIUM,XIRECS,9983.0,10,0,333400
333600,,,ASH_COATED_OSMIUM,XIRECS,9999.0,5,0,333600
346700,,,ASH_COATED_OSMIUM,XIRECS,9979.0,3,0,346700
349500,,,ASH_COATED_OSMIUM,XIRECS,9999.0,6,0,349500
351800,,,ASH_COATED_OSMIUM,XIRECS,10003.0,4,0,351800
354200,,,ASH_COATED_OSMIUM,XIRECS,9986.0,6,0,354200
354700,,,ASH_COATED_OSMIUM,XIRECS,10003.0,4,0,354700
355900,,,ASH_COATED_OSMIUM,XIRECS,10006.0,6,0,355900
361700,,,ASH_COATED_OSMIUM,XIRECS,10005.0,2,0,361700
364000,,,ASH_COATED_OSMIUM,XIRECS,10007.0,9,0,364000
367100,,,ASH_COATED_OSMIUM,XIRECS,10007.0,5,0,367100
368100,,,ASH_COATED_OSMIUM,XIRECS,10009.0,6,0,368100
370400,,,ASH_COATED_OSMIUM,XIRECS,9993.0,6,0,370400
370700,,,ASH_COATED_OSMIUM,XIRECS,9993.0,8,0,370700
372600,,,ASH_COATED_OSMIUM,XIRECS,9990.0,6,0,372600
377800,,,ASH_COATED_OSMIUM,XIRECS,10008.0,7,0,377800
379600,,,ASH_COATED_OSMIUM,XIRECS,9994.0,2,0,379600
385000,,,ASH_COATED_OSMIUM,XIRECS,10005.0,4,0,385000
387100,,,ASH_COATED_OSMIUM,XIRECS,10010.0,3,0,387100
387100,,,ASH_COATED_OSMIUM,XIRECS,9994.0,5,0,387100
390000,,,ASH_COATED_OSMIUM,XIRECS,9995.0,5,0,390000
391500,,,ASH_COATED_OSMIUM,XIRECS,9992.0,7,0,391500
394100,,,ASH_COATED_OSMIUM,XIRECS,10013.0,7,0,394100
395900,,,ASH_COATED_OSMIUM,XIRECS,9996.0,3,0,395900
396400,,,ASH_COATED_OSMIUM,XIRECS,9996.0,8,0,396400
399900,,,ASH_COATED_OSMIUM,XIRECS,9995.0,9,0,399900
401400,,,ASH_COATED_OSMIUM,XIRECS,9995.0,6,0,401400
402300,,,ASH_COATED_OSMIUM,XIRECS,10014.0,7,0,402300
403200,,,ASH_COATED_OSMIUM,XIRECS,9999.0,5,0,403200
404200,,,ASH_COATED_OSMIUM,XIRECS,10010.0,6,0,404200
412200,,,ASH_COATED_OSMIUM,XIRECS,9997.0,2,0,412200
414900,,,ASH_COATED_OSMIUM,XIRECS,9998.0,8,0,414900
416800,,,ASH_COATED_OSMIUM,XIRECS,10018.0,9,0,416800
417000,,,ASH_COATED_OSMIUM,XIRECS,10000.0,6,0,417000
418000,,,ASH_COATED_OSMIUM,XIRECS,10018.0,6,0,418000
436300,,,ASH_COATED_OSMIUM,XIRECS,9999.0,3,0,436300
438600,,,ASH_COATED_OSMIUM,XIRECS,9995.0,6,0,438600
439300,,,ASH_COATED_OSMIUM,XIRECS,9992.0,10,0,439300
441100,,,ASH_COATED_OSMIUM,XIRECS,9994.0,7,0,441100
444100,,,ASH_COATED_OSMIUM,XIRECS,10008.0,4,0,444100
447000,,,ASH_COATED_OSMIUM,XIRECS,10009.0,9,0,447000
449800,,,ASH_COATED_OSMIUM,XIRECS,9989.0,3,0,449800
450700,,,ASH_COATED_OSMIUM,XIRECS,10007.0,6,0,450700
452000,,,ASH_COATED_OSMIUM,XIRECS,10006.0,2,0,452000
453900,,,ASH_COATED_OSMIUM,XIRECS,9992.0,2,0,453900
454100,,,ASH_COATED_OSMIUM,XIRECS,10007.0,6,0,454100
454200,,,ASH_COATED_OSMIUM,XIRECS,9997.0,3,0,454200
454800,,,ASH_COATED_OSMIUM,XIRECS,9993.0,4,0,454800
455100,,,ASH_COATED_OSMIUM,XIRECS,9993.0,7,0,455100
455800,,,ASH_COATED_OSMIUM,XIRECS,9993.0,5,0,455800
460600,,,ASH_COATED_OSMIUM,XIRECS,10010.0,6,0,460600
462400,,,ASH_COATED_OSMIUM,XIRECS,10010.0,6,0,462400
463200,,,ASH_COATED_OSMIUM,XIRECS,9993.0,3,0,463200
469900,,,ASH_COATED_OSMIUM,XIRECS,9992.0,2,0,469900
472500,,,ASH_COATED_OSMIUM,XIRECS,9994.0,5,0,472500
473000,,,ASH_COATED_OSMIUM,XIRECS,10010.0,5,0,473000
475900,,,ASH_COATED_OSMIUM,XIRECS,10009.0,5,0,475900
479000,,,ASH_COATED_OSMIUM,XIRECS,9991.0,2,0,479000
479500,,,ASH_COATED_OSMIUM,XIRECS,10010.0,4,0,479500
481100,,,ASH_COATED_OSMIUM,XIRECS,9995.0,3,0,481100
481400,,,ASH_COATED_OSMIUM,XIRECS,9994.0,6,0,481400
483200,,,ASH_COATED_OSMIUM,XIRECS,10011.0,3,0,483200
485200,,,ASH_COATED_OSMIUM,XIRECS,10012.0,4,0,485200
486000,,,ASH_COATED_OSMIUM,XIRECS,9992.0,4,0,486000
491100,,,ASH_COATED_OSMIUM,XIRECS,10003.0,2,0,491100
493600,,,ASH_COATED_OSMIUM,XIRECS,9986.0,3,0,493600
495400,,,ASH_COATED_OSMIUM,XIRECS,10005.0,3,0,495400
496700,,,ASH_COATED_OSMIUM,XIRECS,9988.0,3,0,496700
498400,,,ASH_COATED_OSMIUM,XIRECS,9985.0,4,0,498400
499700,,,ASH_COATED_OSMIUM,XIRECS,10002.0,9,0,499700
503300,,,ASH_COATED_OSMIUM,XIRECS,9983.0,3,0,503300
504200,,,ASH_COATED_OSMIUM,XIRECS,9986.0,6,0,504200
506600,,,ASH_COATED_OSMIUM,XIRECS,9984.0,7,0,506600
512400,,,ASH_COATED_OSMIUM,XIRECS,10000.0,7,0,512400
515100,,,ASH_COATED_OSMIUM,XIRECS,9984.0,6,0,515100
515800,,,ASH_COATED_OSMIUM,XIRECS,9982.0,6,0,515800
516500,,,ASH_COATED_OSMIUM,XIRECS,9997.0,3,0,516500
517000,,,ASH_COATED_OSMIUM,XIRECS,9998.0,4,0,517000
524900,,,ASH_COATED_OSMIUM,XIRECS,9986.0,3,0,524900
525600,,,ASH_COATED_OSMIUM,XIRECS,9986.0,8,0,525600
526400,,,ASH_COATED_OSMIUM,XIRECS,10006.0,4,0,526400
526900,,,ASH_COATED_OSMIUM,XIRECS,9986.0,6,0,526900
528200,,,ASH_COATED_OSMIUM,XIRECS,9986.0,4,0,528200
528400,,,ASH_COATED_OSMIUM,XIRECS,10002.0,6,0,528400
529500,,,ASH_COATED_OSMIUM,XIRECS,9987.0,9,0,529500
530500,,,ASH_COATED_OSMIUM,XIRECS,10003.0,4,0,530500
531300,,,ASH_COATED_OSMIUM,XIRECS,9987.0,6,0,531300
532800,,,ASH_COATED_OSMIUM,XIRECS,9992.0,2,0,532800
532900,,,ASH_COATED_OSMIUM,XIRECS,10002.0,4,0,532900
534200,,,ASH_COATED_OSMIUM,XIRECS,9986.0,6,0,534200
537900,,,ASH_COATED_OSMIUM,XIRECS,9985.0,10,0,537900
539300,,,ASH_COATED_OSMIUM,XIRECS,10003.0,8,0,539300
543700,,,ASH_COATED_OSMIUM,XIRECS,9984.0,6,0,543700
543700,,,ASH_COATED_OSMIUM,XIRECS,9984.0,6,0,543700
543900,,,ASH_COATED_OSMIUM,XIRECS,9984.0,2,0,543900
545500,,,ASH_COATED_OSMIUM,XIRECS,9992.0,3,0,545500
546300,,,ASH_COATED_OSMIUM,XIRECS,10001.0,3,0,546300
547500,,,ASH_COATED_OSMIUM,XIRECS,9982.0,8,0,547500
548400,,,ASH_COATED_OSMIUM,XIRECS,9979.0,9,0,548400
549600,,,ASH_COATED_OSMIUM,XIRECS,9998.0,5,0,549600
551300,,,ASH_COATED_OSMIUM,XIRECS,9984.0,5,0,551300
554800,,,ASH_COATED_OSMIUM,XIRECS,9998.0,2,0,554800
556700,,,ASH_COATED_OSMIUM,XIRECS,9984.0,6,0,556700
557600,,,ASH_COATED_OSMIUM,XIRECS,9999.0,4,0,557600
565000,,,ASH_COATED_OSMIUM,XIRECS,9999.0,4,0,565000
566200,,,ASH_COATED_OSMIUM,XIRECS,9983.0,10,0,566200
567300,,,ASH_COATED_OSMIUM,XIRECS,10001.0,8,0,567300
571800,,,ASH_COATED_OSMIUM,XIRECS,9986.0,3,0,571800
573700,,,ASH_COATED_OSMIUM,XIRECS,9988.0,10,0,573700
573900,,,ASH_COATED_OSMIUM,XIRECS,10007.0,5,0,573900
574500,,,ASH_COATED_OSMIUM,XIRECS,10007.0,6,0,574500
578700,,,ASH_COATED_OSMIUM,XIRECS,9993.0,4,0,578700
583300,,,ASH_COATED_OSMIUM,XIRECS,9987.0,6,0,583300
587000,,,ASH_COATED_OSMIUM,XIRECS,9999.0,6,0,587000
599500,,,ASH_COATED_OSMIUM,XIRECS,9996.0,3,0,599500
606100,,,ASH_COATED_OSMIUM,XIRECS,9983.0,4,0,606100
609300,,,ASH_COATED_OSMIUM,XIRECS,9983.0,6,0,609300
610500,,,ASH_COATED_OSMIUM,XIRECS,9996.0,4,0,610500
611500,,,ASH_COATED_OSMIUM,XIRECS,9986.0,8,0,611500
612200,,,ASH_COATED_OSMIUM,XIRECS,10004.0,3,0,612200
623800,,,ASH_COATED_OSMIUM,XIRECS,10003.0,5,0,623800
624100,,,ASH_COATED_OSMIUM,XIRECS,9987.0,4,0,624100
624700,,,ASH_COATED_OSMIUM,XIRECS,10004.0,4,0,624700
635000,,,ASH_COATED_OSMIUM,XIRECS,10007.0,9,0,635000
637400,,,ASH_COATED_OSMIUM,XIRECS,9989.0,2,0,637400
638000,,,ASH_COATED_OSMIUM,XIRECS,9987.0,8,0,638000
642800,,,ASH_COATED_OSMIUM,XIRECS,9988.0,6,0,642800
644300,,,ASH_COATED_OSMIUM,XIRECS,10004.0,2,0,644300
645800,,,ASH_COATED_OSMIUM,XIRECS,10005.0,10,0,645800
648100,,,ASH_COATED_OSMIUM,XIRECS,10006.0,3,0,648100
648300,,,ASH_COATED_OSMIUM,XIRECS,9988.0,10,0,648300
648800,,,ASH_COATED_OSMIUM,XIRECS,10005.0,5,0,648800
649200,,,ASH_COATED_OSMIUM,XIRECS,10005.0,4,0,649200
653100,,,ASH_COATED_OSMIUM,XIRECS,10004.0,4,0,653100
656500,,,ASH_COATED_OSMIUM,XIRECS,9990.0,9,0,656500
657300,,,ASH_COATED_OSMIUM,XIRECS,9996.0,3,0,657300
658600,,,ASH_COATED_OSMIUM,XIRECS,10006.0,2,0,658600
659500,,,ASH_COATED_OSMIUM,XIRECS,9988.0,6,0,659500
659700,,,ASH_COATED_OSMIUM,XIRECS,10007.0,5,0,659700
660600,,,ASH_COATED_OSMIUM,XIRECS,10006.0,2,0,660600
662300,,,ASH_COATED_OSMIUM,XIRECS,10005.0,3,0,662300
664800,,,ASH_COATED_OSMIUM,XIRECS,9988.0,4,0,664800
669700,,,ASH_COATED_OSMIUM,XIRECS,10005.0,10,0,669700
671900,,,ASH_COATED_OSMIUM,XIRECS,9984.0,3,0,671900
674700,,,ASH_COATED_OSMIUM,XIRECS,10003.0,5,0,674700
679200,,,ASH_COATED_OSMIUM,XIRECS,9985.0,7,0,679200
680000,,,ASH_COATED_OSMIUM,XIRECS,10004.0,6,0,680000
687000,,,ASH_COATED_OSMIUM,XIRECS,10005.0,8,0,687000
687900,,,ASH_COATED_OSMIUM,XIRECS,9990.0,4,0,687900
694200,,,ASH_COATED_OSMIUM,XIRECS,9992.0,3,0,694200
698100,,,ASH_COATED_OSMIUM,XIRECS,9991.0,2,0,698100
699900,,,ASH_COATED_OSMIUM,XIRECS,9991.0,9,0,699900
700600,,,ASH_COATED_OSMIUM,XIRECS,9991.0,3,0,700600
706600,,,ASH_COATED_OSMIUM,XIRECS,10011.0,9,0,706600
710100,,,ASH_COATED_OSMIUM,XIRECS,9992.0,3,0,710100
710500,,,ASH_COATED_OSMIUM,XIRECS,10008.0,6,0,710500
712400,,,ASH_COATED_OSMIUM,XIRECS,9991.0,5,0,712400
713700,,,ASH_COATED_OSMIUM,XIRECS,9990.0,4,0,713700
714000,,,ASH_COATED_OSMIUM,XIRECS,10004.0,7,0,714000
715000,,,ASH_COATED_OSMIUM,XIRECS,9989.0,5,0,715000
715700,,,ASH_COATED_OSMIUM,XIRECS,9998.0,3,0,715700
721600,,,ASH_COATED_OSMIUM,XIRECS,10006.0,5,0,721600
722300,,,ASH_COATED_OSMIUM,XIRECS,9990.0,5,0,722300
722800,,,ASH_COATED_OSMIUM,XIRECS,10009.0,2,0,722800
723600,,,ASH_COATED_OSMIUM,XIRECS,9991.0,6,0,723600
729700,,,ASH_COATED_OSMIUM,XIRECS,10008.0,4,0,729700
731100,,,ASH_COATED_OSMIUM,XIRECS,9988.0,3,0,731100
735400,,,ASH_COATED_OSMIUM,XIRECS,9989.0,6,0,735400
745600,,,ASH_COATED_OSMIUM,XIRECS,10006.0,2,0,745600
750000,,,ASH_COATED_OSMIUM,XIRECS,9988.0,9,0,750000
752600,,,ASH_COATED_OSMIUM,XIRECS,10003.0,6,0,752600
752900,,,ASH_COATED_OSMIUM,XIRECS,9988.0,3,0,752900
753100,,,ASH_COATED_OSMIUM,XIRECS,10005.0,7,0,753100
753400,,,ASH_COATED_OSMIUM,XIRECS,10004.0,2,0,753400
756700,,,ASH_COATED_OSMIUM,XIRECS,10004.0,6,0,756700
756700,,,ASH_COATED_OSMIUM,XIRECS,10004.0,7,0,756700
759200,,,ASH_COATED_OSMIUM,XIRECS,10005.0,2,0,759200
759300,,,ASH_COATED_OSMIUM,XIRECS,9989.0,5,0,759300
760600,,,ASH_COATED_OSMIUM,XIRECS,10005.0,5,0,760600
762200,,,ASH_COATED_OSMIUM,XIRECS,10005.0,2,0,762200
763400,,,ASH_COATED_OSMIUM,XIRECS,9989.0,2,0,763400
764800,,,ASH_COATED_OSMIUM,XIRECS,9988.0,8,0,764800
765200,,,ASH_COATED_OSMIUM,XIRECS,10003.0,5,0,765200
768500,,,ASH_COATED_OSMIUM,XIRECS,10004.0,9,0,768500
773100,,,ASH_COATED_OSMIUM,XIRECS,10005.0,6,0,773100
774200,,,ASH_COATED_OSMIUM,XIRECS,9990.0,4,0,774200
775300,,,ASH_COATED_OSMIUM,XIRECS,10005.0,5,0,775300
776400,,,ASH_COATED_OSMIUM,XIRECS,9990.0,2,0,776400
776700,,,ASH_COATED_OSMIUM,XIRECS,9989.0,6,0,776700
777000,,,ASH_COATED_OSMIUM,XIRECS,10008.0,6,0,777000
778400,,,ASH_COATED_OSMIUM,XIRECS,9995.0,5,0,778400
786600,,,ASH_COATED_OSMIUM,XIRECS,9989.0,2,0,786600
788400,,,ASH_COATED_OSMIUM,XIRECS,10003.0,5,0,788400
790200,,,ASH_COATED_OSMIUM,XIRECS,9988.0,3,0,790200
791700,,,ASH_COATED_OSMIUM,XIRECS,9987.0,2,0,791700
792800,,,ASH_COATED_OSMIUM,XIRECS,10005.0,7,0,792800
795100,,,ASH_COATED_OSMIUM,XIRECS,9987.0,3,0,795100
796500,,,ASH_COATED_OSMIUM,XIRECS,9986.0,4,0,796500
799600,,,ASH_COATED_OSMIUM,XIRECS,10006.0,7,0,799600
800100,,,ASH_COATED_OSMIUM,XIRECS,9988.0,3,0,800100
801800,,,ASH_COATED_OSMIUM,XIRECS,9987.0,2,0,801800
803900,,,ASH_COATED_OSMIUM,XIRECS,9986.0,2,0,803900
804900,,,ASH_COATED_OSMIUM,XIRECS,10003.0,5,0,804900
808400,,,ASH_COATED_OSMIUM,XIRECS,10001.0,8,0,808400
809500,,,ASH_COATED_OSMIUM,XIRECS,9999.0,3,0,809500
814300,,,ASH_COATED_OSMIUM,XIRECS,10002.0,3,0,814300
817900,,,ASH_COATED_OSMIUM,XIRECS,9988.0,10,0,817900
821000,,,ASH_COATED_OSMIUM,XIRECS,9998.0,4,0,821000
822700,,,ASH_COATED_OSMIUM,XIRECS,10005.0,7,0,822700
830100,,,ASH_COATED_OSMIUM,XIRECS,9990.0,5,0,830100
830500,,,ASH_COATED_OSMIUM,XIRECS,10009.0,6,0,830500
830700,,,ASH_COATED_OSMIUM,XIRECS,9991.0,9,0,830700
831800,,,ASH_COATED_OSMIUM,XIRECS,10011.0,2,0,831800
832300,,,ASH_COATED_OSMIUM,XIRECS,10010.0,4,0,832300
833300,,,ASH_COATED_OSMIUM,XIRECS,9996.0,8,0,833300
834300,,,ASH_COATED_OSMIUM,XIRECS,10011.0,5,0,834300
835200,,,ASH_COATED_OSMIUM,XIRECS,10011.0,2,0,835200
836900,,,ASH_COATED_OSMIUM,XIRECS,9995.0,5,0,836900
837000,,,ASH_COATED_OSMIUM,XIRECS,10014.0,4,0,837000
840000,,,ASH_COATED_OSMIUM,XIRECS,10010.0,5,0,840000
841100,,,ASH_COATED_OSMIUM,XIRECS,9995.0,5,0,841100
842200,,,ASH_COATED_OSMIUM,XIRECS,9996.0,5,0,842200
846300,,,ASH_COATED_OSMIUM,XIRECS,10011.0,5,0,846300
850000,,,ASH_COATED_OSMIUM,XIRECS,9996.0,10,0,850000
850600,,,ASH_COATED_OSMIUM,XIRECS,9992.0,3,0,850600
851200,,,ASH_COATED_OSMIUM,XIRECS,10011.0,6,0,851200
853400,,,ASH_COATED_OSMIUM,XIRECS,9993.0,4,0,853400
858400,,,ASH_COATED_OSMIUM,XIRECS,9993.0,5,0,858400
858600,,,ASH_COATED_OSMIUM,XIRECS,9993.0,5,0,858600
858600,,,ASH_COATED_OSMIUM,XIRECS,9993.0,5,0,858600
867300,,,ASH_COATED_OSMIUM,XIRECS,9997.0,8,0,867300
874800,,,ASH_COATED_OSMIUM,XIRECS,10013.0,2,0,874800
876400,,,ASH_COATED_OSMIUM,XIRECS,10013.0,2,0,876400
878100,,,ASH_COATED_OSMIUM,XIRECS,10012.0,4,0,878100
891300,,,ASH_COATED_OSMIUM,XIRECS,10008.0,10,0,891300
892800,,,ASH_COATED_OSMIUM,XIRECS,10008.0,5,0,892800
895700,,,ASH_COATED_OSMIUM,XIRECS,10010.0,4,0,895700
898400,,,ASH_COATED_OSMIUM,XIRECS,9995.0,9,0,898400
901700,,,ASH_COATED_OSMIUM,XIRECS,9993.0,3,0,901700
902500,,,ASH_COATED_OSMIUM,XIRECS,9994.0,4,0,902500
902700,,,ASH_COATED_OSMIUM,XIRECS,9995.0,3,0,902700
903500,,,ASH_COATED_OSMIUM,XIRECS,9994.0,5,0,903500
905800,,,ASH_COATED_OSMIUM,XIRECS,9995.0,2,0,905800
906100,,,ASH_COATED_OSMIUM,XIRECS,10010.0,6,0,906100
910600,,,ASH_COATED_OSMIUM,XIRECS,9994.0,7,0,910600
914300,,,ASH_COATED_OSMIUM,XIRECS,9993.0,4,0,914300
917400,,,ASH_COATED_OSMIUM,XIRECS,9994.0,5,0,917400
923300,,,ASH_COATED_OSMIUM,XIRECS,10006.0,3,0,923300
924600,,,ASH_COATED_OSMIUM,XIRECS,9996.0,3,0,924600
931300,,,ASH_COATED_OSMIUM,XIRECS,10013.0,8,0,931300
932500,,,ASH_COATED_OSMIUM,XIRECS,9995.0,8,0,932500
933500,,,ASH_COATED_OSMIUM,XIRECS,10013.0,9,0,933500
933700,,,ASH_COATED_OSMIUM,XIRECS,10012.0,6,0,933700
936100,,,ASH_COATED_OSMIUM,XIRECS,9995.0,4,0,936100
940100,,,ASH_COATED_OSMIUM,XIRECS,9999.0,10,0,940100
940600,,,ASH_COATED_OSMIUM,XIRECS,9999.0,6,0,940600
943100,,,ASH_COATED_OSMIUM,XIRECS,9999.0,6,0,943100
943600,,,ASH_COATED_OSMIUM,XIRECS,10004.0,2,0,943600
943900,,,ASH_COATED_OSMIUM,XIRECS,9998.0,5,0,943900
946000,,,ASH_COATED_OSMIUM,XIRECS,9998.0,5,0,946000
951300,,,ASH_COATED_OSMIUM,XIRECS,9995.0,6,0,951300
956100,,,ASH_COATED_OSMIUM,XIRECS,10010.0,6,0,956100
957400,,,ASH_COATED_OSMIUM,XIRECS,10006.0,4,0,957400
959400,,,ASH_COATED_OSMIUM,XIRECS,10006.0,4,0,959400
960200,,,ASH_COATED_OSMIUM,XIRECS,9989.0,6,0,960200
963200,,,ASH_COATED_OSMIUM,XIRECS,10005.0,6,0,963200
964800,,,ASH_COATED_OSMIUM,XIRECS,10006.0,6,0,964800
966000,,,ASH_COATED_OSMIUM,XIRECS,9987.0,6,0,966000
967000,,,ASH_COATED_OSMIUM,XIRECS,10004.0,8,0,967000
973400,,,ASH_COATED_OSMIUM,XIRECS,9986.0,8,0,973400
973700,,,ASH_COATED_OSMIUM,XIRECS,10002.0,2,0,973700
974900,,,ASH_COATED_OSMIUM,XIRECS,9986.0,6,0,974900
976500,,,ASH_COATED_OSMIUM,XIRECS,9985.0,6,0,976500
977100,,,ASH_COATED_OSMIUM,XIRECS,10001.0,7,0,977100
980800,,,ASH_COATED_OSMIUM,XIRECS,10000.0,3,0,980800
988000,,,ASH_COATED_OSMIUM,XIRECS,9981.0,4,0,988000
992000,,,ASH_COATED_OSMIUM,XIRECS,9983.0,4,0,992000
994200,,,ASH_COATED_OSMIUM,XIRECS,10002.0,2,0,994200
995300,,,ASH_COATED_OSMIUM,XIRECS,10001.0,6,0,995300
2800,,,ASH_COATED_OSMIUM,XIRECS,9985.0,10,1,1002800
5200,,,ASH_COATED_OSMIUM,XIRECS,10004.0,6,1,1005200
5200,,,ASH_COATED_OSMIUM,XIRECS,9986.0,9,1,1005200
7500,,,ASH_COATED_OSMIUM,XIRECS,10003.0,6,1,1007500
9000,,,ASH_COATED_OSMIUM,XIRECS,10004.0,10,1,1009000
13000,,,ASH_COATED_OSMIUM,XIRECS,10005.0,2,1,1013000
14600,,,ASH_COATED_OSMIUM,XIRECS,10007.0,5,1,1014600
14900,,,ASH_COATED_OSMIUM,XIRECS,10007.0,5,1,1014900
16600,,,ASH_COATED_OSMIUM,XIRECS,9992.0,2,1,1016600
17200,,,ASH_COATED_OSMIUM,XIRECS,9994.0,5,1,1017200
18700,,,ASH_COATED_OSMIUM,XIRECS,9998.0,5,1,1018700
19300,,,ASH_COATED_OSMIUM,XIRECS,10008.0,3,1,1019300
20900,,,ASH_COATED_OSMIUM,XIRECS,9992.0,2,1,1020900
21500,,,ASH_COATED_OSMIUM,XIRECS,10008.0,6,1,1021500
23100,,,ASH_COATED_OSMIUM,XIRECS,10010.0,5,1,1023100
25300,,,ASH_COATED_OSMIUM,XIRECS,10008.0,6,1,1025300
25900,,,ASH_COATED_OSMIUM,XIRECS,10009.0,6,1,1025900
26300,,,ASH_COATED_OSMIUM,XIRECS,10008.0,9,1,1026300
35900,,,ASH_COATED_OSMIUM,XIRECS,9992.0,2,1,1035900
44700,,,ASH_COATED_OSMIUM,XIRECS,10008.0,5,1,1044700
46700,,,ASH_COATED_OSMIUM,XIRECS,9992.0,6,1,1046700
47600,,,ASH_COATED_OSMIUM,XIRECS,9993.0,4,1,1047600
50300,,,ASH_COATED_OSMIUM,XIRECS,10008.0,4,1,1050300
51200,,,ASH_COATED_OSMIUM,XIRECS,10006.0,7,1,1051200
51700,,,ASH_COATED_OSMIUM,XIRECS,10009.0,2,1,1051700
52800,,,ASH_COATED_OSMIUM,XIRECS,9990.0,5,1,1052800
54200,,,ASH_COATED_OSMIUM,XIRECS,10004.0,6,1,1054200
56500,,,ASH_COATED_OSMIUM,XIRECS,10005.0,6,1,1056500
57200,,,ASH_COATED_OSMIUM,XIRECS,10001.0,3,1,1057200
57700,,,ASH_COATED_OSMIUM,XIRECS,9996.0,8,1,1057700
58000,,,ASH_COATED_OSMIUM,XIRECS,10006.0,3,1,1058000
62000,,,ASH_COATED_OSMIUM,XIRECS,9989.0,3,1,1062000
62400,,,ASH_COATED_OSMIUM,XIRECS,9991.0,2,1,1062400
69900,,,ASH_COATED_OSMIUM,XIRECS,9991.0,8,1,1069900
71300,,,ASH_COATED_OSMIUM,XIRECS,10007.0,6,1,1071300
74000,,,ASH_COATED_OSMIUM,XIRECS,9993.0,3,1,1074000
74200,,,ASH_COATED_OSMIUM,XIRECS,9991.0,2,1,1074200
75700,,,ASH_COATED_OSMIUM,XIRECS,10010.0,4,1,1075700
76600,,,ASH_COATED_OSMIUM,XIRECS,10010.0,4,1,1076600
76900,,,ASH_COATED_OSMIUM,XIRECS,10010.0,4,1,1076900
77300,,,ASH_COATED_OSMIUM,XIRECS,9993.0,5,1,1077300
78000,,,ASH_COATED_OSMIUM,XIRECS,10011.0,2,1,1078000
88400,,,ASH_COATED_OSMIUM,XIRECS,10010.0,4,1,1088400
89700,,,ASH_COATED_OSMIUM,XIRECS,10013.0,8,1,1089700
98200,,,ASH_COATED_OSMIUM,XIRECS,10007.0,9,1,1098200
100500,,,ASH_COATED_OSMIUM,XIRECS,9990.0,5,1,1100500
101100,,,ASH_COATED_OSMIUM,XIRECS,9990.0,2,1,1101100
101900,,,ASH_COATED_OSMIUM,XIRECS,10006.0,6,1,1101900
102000,,,ASH_COATED_OSMIUM,XIRECS,9988.0,2,1,1102000
103000,,,ASH_COATED_OSMIUM,XIRECS,9992.0,5,1,1103000
104800,,,ASH_COATED_OSMIUM,XIRECS,9992.0,6,1,1104800
117400,,,ASH_COATED_OSMIUM,XIRECS,10007.0,9,1,1117400
118100,,,ASH_COATED_OSMIUM,XIRECS,9991.0,3,1,1118100
123500,,,ASH_COATED_OSMIUM,XIRECS,10008.0,6,1,1123500
125500,,,ASH_COATED_OSMIUM,XIRECS,9988.0,10,1,1125500
126600,,,ASH_COATED_OSMIUM,XIRECS,9988.0,6,1,1126600
128900,,,ASH_COATED_OSMIUM,XIRECS,9987.0,3,1,1128900
130100,,,ASH_COATED_OSMIUM,XIRECS,9986.0,2,1,1130100
130400,,,ASH_COATED_OSMIUM,XIRECS,10002.0,6,1,1130400
131300,,,ASH_COATED_OSMIUM,XIRECS,10003.0,10,1,1131300
132100,,,ASH_COATED_OSMIUM,XIRECS,9988.0,3,1,1132100
137700,,,ASH_COATED_OSMIUM,XIRECS,9989.0,3,1,1137700
141100,,,ASH_COATED_OSMIUM,XIRECS,9991.0,3,1,1141100
145800,,,ASH_COATED_OSMIUM,XIRECS,10009.0,10,1,1145800
145900,,,ASH_COATED_OSMIUM,XIRECS,10012.0,9,1,1145900
146600,,,ASH_COATED_OSMIUM,XIRECS,9994.0,2,1,1146600
146700,,,ASH_COATED_OSMIUM,XIRECS,10009.0,7,1,1146700
147300,,,ASH_COATED_OSMIUM,XIRECS,9993.0,6,1,1147300
148400,,,ASH_COATED_OSMIUM,XIRECS,9994.0,6,1,1148400
149000,,,ASH_COATED_OSMIUM,XIRECS,10009.0,3,1,1149000
152000,,,ASH_COATED_OSMIUM,XIRECS,9992.0,2,1,1152000
153700,,,ASH_COATED_OSMIUM,XIRECS,9994.0,5,1,1153700
160700,,,ASH_COATED_OSMIUM,XIRECS,10008.0,7,1,1160700
161400,,,ASH_COATED_OSMIUM,XIRECS,10009.0,9,1,1161400
161900,,,ASH_COATED_OSMIUM,XIRECS,9993.0,6,1,1161900
169400,,,ASH_COATED_OSMIUM,XIRECS,9989.0,2,1,1169400
175500,,,ASH_COATED_OSMIUM,XIRECS,9993.0,6,1,1175500
176900,,,ASH_COATED_OSMIUM,XIRECS,9992.0,2,1,1176900
182500,,,ASH_COATED_OSMIUM,XIRECS,9994.0,10,1,1182500
184500,,,ASH_COATED_OSMIUM,XIRECS,10011.0,6,1,1184500
191400,,,ASH_COATED_OSMIUM,XIRECS,9996.0,6,1,1191400
191600,,,ASH_COATED_OSMIUM,XIRECS,9996.0,6,1,1191600
193500,,,ASH_COATED_OSMIUM,XIRECS,10002.0,3,1,1193500
193700,,,ASH_COATED_OSMIUM,XIRECS,9994.0,3,1,1193700
203200,,,ASH_COATED_OSMIUM,XIRECS,9991.0,6,1,1203200
206100,,,ASH_COATED_OSMIUM,XIRECS,10009.0,4,1,1206100
207700,,,ASH_COATED_OSMIUM,XIRECS,9990.0,5,1,1207700
208500,,,ASH_COATED_OSMIUM,XIRECS,10009.0,4,1,1208500
216000,,,ASH_COATED_OSMIUM,XIRECS,10008.0,4,1,1216000
218000,,,ASH_COATED_OSMIUM,XIRECS,9995.0,3,1,1218000
218600,,,ASH_COATED_OSMIUM,XIRECS,10010.0,4,1,1218600
219900,,,ASH_COATED_OSMIUM,XIRECS,9991.0,6,1,1219900
221000,,,ASH_COATED_OSMIUM,XIRECS,9995.0,8,1,1221000
221700,,,ASH_COATED_OSMIUM,XIRECS,10011.0,10,1,1221700
222000,,,ASH_COATED_OSMIUM,XIRECS,10011.0,4,1,1222000
228800,,,ASH_COATED_OSMIUM,XIRECS,9993.0,3,1,1228800
232900,,,ASH_COATED_OSMIUM,XIRECS,10011.0,3,1,1232900
235800,,,ASH_COATED_OSMIUM,XIRECS,10013.0,3,1,1235800
236300,,,ASH_COATED_OSMIUM,XIRECS,10010.0,4,1,1236300
239500,,,ASH_COATED_OSMIUM,XIRECS,10011.0,7,1,1239500
240800,,,ASH_COATED_OSMIUM,XIRECS,10012.0,6,1,1240800
241800,,,ASH_COATED_OSMIUM,XIRECS,10010.0,3,1,1241800
244200,,,ASH_COATED_OSMIUM,XIRECS,10010.0,5,1,1244200
245100,,,ASH_COATED_OSMIUM,XIRECS,10012.0,7,1,1245100
245800,,,ASH_COATED_OSMIUM,XIRECS,10009.0,6,1,1245800
246400,,,ASH_COATED_OSMIUM,XIRECS,10010.0,4,1,1246400
250800,,,ASH_COATED_OSMIUM,XIRECS,9992.0,5,1,1250800
251100,,,ASH_COATED_OSMIUM,XIRECS,10001.0,3,1,1251100
251700,,,ASH_COATED_OSMIUM,XIRECS,9992.0,10,1,1251700
253300,,,ASH_COATED_OSMIUM,XIRECS,9992.0,7,1,1253300
262200,,,ASH_COATED_OSMIUM,XIRECS,9994.0,2,1,1262200
262300,,,ASH_COATED_OSMIUM,XIRECS,10010.0,3,1,1262300
262400,,,ASH_COATED_OSMIUM,XIRECS,10010.0,6,1,1262400
264100,,,ASH_COATED_OSMIUM,XIRECS,10010.0,6,1,1264100
264200,,,ASH_COATED_OSMIUM,XIRECS,10009.0,5,1,1264200
273500,,,ASH_COATED_OSMIUM,XIRECS,9999.0,4,1,1273500
274200,,,ASH_COATED_OSMIUM,XIRECS,9989.0,6,1,1274200
277500,,,ASH_COATED_OSMIUM,XIRECS,10005.0,5,1,1277500
279800,,,ASH_COATED_OSMIUM,XIRECS,9992.0,4,1,1279800
280500,,,ASH_COATED_OSMIUM,XIRECS,10006.0,5,1,1280500
280700,,,ASH_COATED_OSMIUM,XIRECS,10008.0,5,1,1280700
285200,,,ASH_COATED_OSMIUM,XIRECS,10007.0,6,1,1285200
288100,,,ASH_COATED_OSMIUM,XIRECS,9989.0,5,1,1288100
288700,,,ASH_COATED_OSMIUM,XIRECS,9989.0,10,1,1288700
290500,,,ASH_COATED_OSMIUM,XIRECS,9988.0,6,1,1290500
291800,,,ASH_COATED_OSMIUM,XIRECS,9986.0,6,1,1291800
302900,,,ASH_COATED_OSMIUM,XIRECS,9993.0,7,1,1302900
306200,,,ASH_COATED_OSMIUM,XIRECS,9992.0,9,1,1306200
307800,,,ASH_COATED_OSMIUM,XIRECS,10011.0,6,1,1307800
308100,,,ASH_COATED_OSMIUM,XIRECS,9995.0,3,1,1308100
310200,,,ASH_COATED_OSMIUM,XIRECS,9996.0,7,1,1310200
310300,,,ASH_COATED_OSMIUM,XIRECS,10002.0,5,1,1310300
311400,,,ASH_COATED_OSMIUM,XIRECS,9996.0,7,1,1311400
312600,,,ASH_COATED_OSMIUM,XIRECS,10012.0,2,1,1312600
312900,,,ASH_COATED_OSMIUM,XIRECS,10001.0,5,1,1312900
315000,,,ASH_COATED_OSMIUM,XIRECS,10012.0,5,1,1315000
315300,,,ASH_COATED_OSMIUM,XIRECS,9997.0,9,1,1315300
320700,,,ASH_COATED_OSMIUM,XIRECS,10013.0,10,1,1320700
324600,,,ASH_COATED_OSMIUM,XIRECS,9999.0,3,1,1324600
325900,,,ASH_COATED_OSMIUM,XIRECS,10018.0,3,1,1325900
329600,,,ASH_COATED_OSMIUM,XIRECS,10016.0,3,1,1329600
329700,,,ASH_COATED_OSMIUM,XIRECS,10016.0,2,1,1329700
329900,,,ASH_COATED_OSMIUM,XIRECS,10000.0,8,1,1329900
331400,,,ASH_COATED_OSMIUM,XIRECS,10000.0,5,1,1331400
335700,,,ASH_COATED_OSMIUM,XIRECS,10016.0,7,1,1335700
336000,,,ASH_COATED_OSMIUM,XIRECS,10016.0,5,1,1336000
337000,,,ASH_COATED_OSMIUM,XIRECS,10019.0,10,1,1337000
337400,,,ASH_COATED_OSMIUM,XIRECS,10015.0,2,1,1337400
348700,,,ASH_COATED_OSMIUM,XIRECS,10013.0,8,1,1348700
349700,,,ASH_COATED_OSMIUM,XIRECS,9992.0,6,1,1349700
352100,,,ASH_COATED_OSMIUM,XIRECS,10011.0,4,1,1352100
352300,,,ASH_COATED_OSMIUM,XIRECS,10011.0,2,1,1352300
353900,,,ASH_COATED_OSMIUM,XIRECS,9993.0,5,1,1353900
354300,,,ASH_COATED_OSMIUM,XIRECS,9989.0,5,1,1354300
355200,,,ASH_COATED_OSMIUM,XIRECS,10007.0,7,1,1355200
356300,,,ASH_COATED_OSMIUM,XIRECS,9998.0,4,1,1356300
356400,,,ASH_COATED_OSMIUM,XIRECS,9992.0,5,1,1356400
358000,,,ASH_COATED_OSMIUM,XIRECS,9997.0,4,1,1358000
358400,,,ASH_COATED_OSMIUM,XIRECS,10007.0,10,1,1358400
359000,,,ASH_COATED_OSMIUM,XIRECS,10008.0,3,1,1359000
359900,,,ASH_COATED_OSMIUM,XIRECS,9992.0,9,1,1359900
368500,,,ASH_COATED_OSMIUM,XIRECS,9993.0,3,1,1368500
374200,,,ASH_COATED_OSMIUM,XIRECS,9993.0,10,1,1374200
374400,,,ASH_COATED_OSMIUM,XIRECS,10009.0,8,1,1374400
375600,,,ASH_COATED_OSMIUM,XIRECS,10008.0,4,1,1375600
377100,,,ASH_COATED_OSMIUM,XIRECS,10008.0,6,1,1377100
377300,,,ASH_COATED_OSMIUM,XIRECS,10009.0,8,1,1377300
379500,,,ASH_COATED_OSMIUM,XIRECS,10013.0,10,1,1379500
380900,,,ASH_COATED_OSMIUM,XIRECS,9996.0,4,1,1380900
386500,,,ASH_COATED_OSMIUM,XIRECS,10011.0,5,1,1386500
388100,,,ASH_COATED_OSMIUM,XIRECS,9994.0,8,1,1388100
390900,,,ASH_COATED_OSMIUM,XIRECS,9995.0,2,1,1390900
393600,,,ASH_COATED_OSMIUM,XIRECS,9997.0,10,1,1393600
395100,,,ASH_COATED_OSMIUM,XIRECS,9999.0,2,1,1395100
399200,,,ASH_COATED_OSMIUM,XIRECS,9999.0,4,1,1399200
400700,,,ASH_COATED_OSMIUM,XIRECS,10015.0,4,1,1400700
405700,,,ASH_COATED_OSMIUM,XIRECS,10010.0,4,1,1405700
406300,,,ASH_COATED_OSMIUM,XIRECS,9992.0,7,1,1406300
407500,,,ASH_COATED_OSMIUM,XIRECS,10012.0,5,1,1407500
407600,,,ASH_COATED_OSMIUM,XIRECS,10009.0,8,1,1407600
408000,,,ASH_COATED_OSMIUM,XIRECS,10009.0,2,1,1408000
411700,,,ASH_COATED_OSMIUM,XIRECS,9993.0,10,1,1411700
413100,,,ASH_COATED_OSMIUM,XIRECS,10010.0,7,1,1413100
415200,,,ASH_COATED_OSMIUM,XIRECS,10012.0,5,1,1415200
418300,,,ASH_COATED_OSMIUM,XIRECS,10009.0,5,1,1418300
423400,,,ASH_COATED_OSMIUM,XIRECS,9994.0,6,1,1423400
423900,,,ASH_COATED_OSMIUM,XIRECS,9995.0,2,1,1423900
424300,,,ASH_COATED_OSMIUM,XIRECS,9994.0,6,1,1424300
424400,,,ASH_COATED_OSMIUM,XIRECS,9994.0,6,1,1424400
424900,,,ASH_COATED_OSMIUM,XIRECS,10009.0,3,1,1424900
426300,,,ASH_COATED_OSMIUM,XIRECS,9991.0,4,1,1426300
428300,,,ASH_COATED_OSMIUM,XIRECS,10010.0,5,1,1428300
430400,,,ASH_COATED_OSMIUM,XIRECS,10004.0,4,1,1430400
430900,,,ASH_COATED_OSMIUM,XIRECS,10014.0,5,1,1430900
433200,,,ASH_COATED_OSMIUM,XIRECS,9996.0,4,1,1433200
435200,,,ASH_COATED_OSMIUM,XIRECS,10013.0,6,1,1435200
438600,,,ASH_COATED_OSMIUM,XIRECS,9998.0,8,1,1438600
444300,,,ASH_COATED_OSMIUM,XIRECS,9997.0,3,1,1444300
454100,,,ASH_COATED_OSMIUM,XIRECS,10014.0,6,1,1454100
469000,,,ASH_COATED_OSMIUM,XIRECS,9993.0,2,1,1469000
476700,,,ASH_COATED_OSMIUM,XIRECS,10010.0,9,1,1476700
477600,,,ASH_COATED_OSMIUM,XIRECS,9993.0,10,1,1477600
483900,,,ASH_COATED_OSMIUM,XIRECS,10009.0,4,1,1483900
487100,,,ASH_COATED_OSMIUM,XIRECS,9994.0,3,1,1487100
488600,,,ASH_COATED_OSMIUM,XIRECS,9992.0,9,1,1488600
491600,,,ASH_COATED_OSMIUM,XIRECS,10010.0,2,1,1491600
492600,,,ASH_COATED_OSMIUM,XIRECS,9995.0,5,1,1492600
495600,,,ASH_COATED_OSMIUM,XIRECS,10013.0,6,1,1495600
495800,,,ASH_COATED_OSMIUM,XIRECS,9997.0,9,1,1495800
496100,,,ASH_COATED_OSMIUM,XIRECS,9997.0,3,1,1496100
497700,,,ASH_COATED_OSMIUM,XIRECS,10001.0,5,1,1497700
500000,,,ASH_COATED_OSMIUM,XIRECS,10011.0,5,1,1500000
503500,,,ASH_COATED_OSMIUM,XIRECS,9994.0,4,1,1503500
505900,,,ASH_COATED_OSMIUM,XIRECS,9993.0,4,1,1505900
506600,,,ASH_COATED_OSMIUM,XIRECS,10009.0,6,1,1506600
509900,,,ASH_COATED_OSMIUM,XIRECS,9995.0,2,1,1509900
510400,,,ASH_COATED_OSMIUM,XIRECS,9995.0,6,1,1510400
516600,,,ASH_COATED_OSMIUM,XIRECS,9996.0,4,1,1516600
519100,,,ASH_COATED_OSMIUM,XIRECS,10012.0,5,1,1519100
522400,,,ASH_COATED_OSMIUM,XIRECS,9995.0,5,1,1522400
524200,,,ASH_COATED_OSMIUM,XIRECS,10012.0,10,1,1524200
525200,,,ASH_COATED_OSMIUM,XIRECS,9995.0,5,1,1525200
527900,,,ASH_COATED_OSMIUM,XIRECS,10011.0,5,1,1527900
531800,,,ASH_COATED_OSMIUM,XIRECS,10013.0,5,1,1531800
534100,,,ASH_COATED_OSMIUM,XIRECS,9994.0,2,1,1534100
535800,,,ASH_COATED_OSMIUM,XIRECS,9994.0,5,1,1535800
536000,,,ASH_COATED_OSMIUM,XIRECS,9994.0,4,1,1536000
538800,,,ASH_COATED_OSMIUM,XIRECS,10006.0,5,1,1538800
541900,,,ASH_COATED_OSMIUM,XIRECS,10007.0,5,1,1541900
545000,,,ASH_COATED_OSMIUM,XIRECS,9991.0,6,1,1545000
547600,,,ASH_COATED_OSMIUM,XIRECS,10006.0,2,1,1547600
548100,,,ASH_COATED_OSMIUM,XIRECS,10009.0,4,1,1548100
549600,,,ASH_COATED_OSMIUM,XIRECS,10005.0,10,1,1549600
562200,,,ASH_COATED_OSMIUM,XIRECS,9989.0,2,1,1562200
564800,,,ASH_COATED_OSMIUM,XIRECS,9987.0,4,1,1564800
567700,,,ASH_COATED_OSMIUM,XIRECS,9989.0,4,1,1567700
571600,,,ASH_COATED_OSMIUM,XIRECS,10008.0,5,1,1571600
572700,,,ASH_COATED_OSMIUM,XIRECS,10008.0,3,1,1572700
573000,,,ASH_COATED_OSMIUM,XIRECS,9991.0,5,1,1573000
573400,,,ASH_COATED_OSMIUM,XIRECS,10007.0,3,1,1573400
575700,,,ASH_COATED_OSMIUM,XIRECS,10008.0,3,1,1575700
581000,,,ASH_COATED_OSMIUM,XIRECS,9989.0,6,1,1581000
582600,,,ASH_COATED_OSMIUM,XIRECS,10007.0,4,1,1582600
587000,,,ASH_COATED_OSMIUM,XIRECS,10008.0,6,1,1587000
588200,,,ASH_COATED_OSMIUM,XIRECS,10002.0,4,1,1588200
589500,,,ASH_COATED_OSMIUM,XIRECS,9992.0,3,1,1589500
592100,,,ASH_COATED_OSMIUM,XIRECS,9992.0,5,1,1592100
594000,,,ASH_COATED_OSMIUM,XIRECS,9989.0,6,1,1594000
596100,,,ASH_COATED_OSMIUM,XIRECS,9990.0,9,1,1596100
598000,,,ASH_COATED_OSMIUM,XIRECS,9990.0,6,1,1598000
605600,,,ASH_COATED_OSMIUM,XIRECS,10008.0,5,1,1605600
607000,,,ASH_COATED_OSMIUM,XIRECS,10008.0,2,1,1607000
610200,,,ASH_COATED_OSMIUM,XIRECS,9994.0,8,1,1610200
614900,,,ASH_COATED_OSMIUM,XIRECS,9995.0,5,1,1614900
618000,,,ASH_COATED_OSMIUM,XIRECS,10010.0,6,1,1618000
620400,,,ASH_COATED_OSMIUM,XIRECS,9994.0,6,1,1620400
621900,,,ASH_COATED_OSMIUM,XIRECS,9994.0,2,1,1621900
628200,,,ASH_COATED_OSMIUM,XIRECS,9994.0,4,1,1628200
628500,,,ASH_COATED_OSMIUM,XIRECS,10010.0,7,1,1628500
636500,,,ASH_COATED_OSMIUM,XIRECS,10013.0,6,1,1636500
637800,,,ASH_COATED_OSMIUM,XIRECS,10013.0,5,1,1637800
643800,,,ASH_COATED_OSMIUM,XIRECS,9996.0,5,1,1643800
644200,,,ASH_COATED_OSMIUM,XIRECS,10013.0,5,1,1644200
644600,,,ASH_COATED_OSMIUM,XIRECS,10013.0,8,1,1644600
647000,,,ASH_COATED_OSMIUM,XIRECS,10014.0,4,1,1647000
647400,,,ASH_COATED_OSMIUM,XIRECS,10015.0,5,1,1647400
649900,,,ASH_COATED_OSMIUM,XIRECS,10015.0,6,1,1649900
650300,,,ASH_COATED_OSMIUM,XIRECS,9996.0,9,1,1650300
651300,,,ASH_COATED_OSMIUM,XIRECS,10015.0,6,1,1651300
654500,,,ASH_COATED_OSMIUM,XIRECS,10015.0,5,1,1654500
656300,,,ASH_COATED_OSMIUM,XIRECS,10004.0,7,1,1656300
657400,,,ASH_COATED_OSMIUM,XIRECS,10016.0,5,1,1657400
659600,,,ASH_COATED_OSMIUM,XIRECS,10001.0,4,1,1659600
660400,,,ASH_COATED_OSMIUM,XIRECS,10017.0,2,1,1660400
660400,,,ASH_COATED_OSMIUM,XIRECS,10001.0,7,1,1660400
662400,,,ASH_COATED_OSMIUM,XIRECS,10001.0,5,1,1662400
662500,,,ASH_COATED_OSMIUM,XIRECS,10016.0,3,1,1662500
663100,,,ASH_COATED_OSMIUM,XIRECS,10017.0,6,1,1663100
663200,,,ASH_COATED_OSMIUM,XIRECS,10016.0,4,1,1663200
665400,,,ASH_COATED_OSMIUM,XIRECS,10001.0,8,1,1665400
667100,,,ASH_COATED_OSMIUM,XIRECS,10018.0,3,1,1667100
671500,,,ASH_COATED_OSMIUM,XIRECS,10003.0,5,1,1671500
673400,,,ASH_COATED_OSMIUM,XIRECS,10007.0,3,1,1673400
677400,,,ASH_COATED_OSMIUM,XIRECS,9999.0,8,1,1677400
680400,,,ASH_COATED_OSMIUM,XIRECS,10017.0,6,1,1680400
685300,,,ASH_COATED_OSMIUM,XIRECS,10016.0,6,1,1685300
689700,,,ASH_COATED_OSMIUM,XIRECS,9998.0,6,1,1689700
693400,,,ASH_COATED_OSMIUM,XIRECS,10014.0,8,1,1693400
693900,,,ASH_COATED_OSMIUM,XIRECS,10015.0,6,1,1693900
694100,,,ASH_COATED_OSMIUM,XIRECS,10016.0,8,1,1694100
694300,,,ASH_COATED_OSMIUM,XIRECS,9995.0,2,1,1694300
699500,,,ASH_COATED_OSMIUM,XIRECS,9996.0,6,1,1699500
705000,,,ASH_COATED_OSMIUM,XIRECS,10005.0,2,1,1705000
705600,,,ASH_COATED_OSMIUM,XIRECS,10013.0,3,1,1705600
706200,,,ASH_COATED_OSMIUM,XIRECS,10011.0,6,1,1706200
708200,,,ASH_COATED_OSMIUM,XIRECS,9995.0,10,1,1708200
709100,,,ASH_COATED_OSMIUM,XIRECS,10013.0,2,1,1709100
709900,,,ASH_COATED_OSMIUM,XIRECS,9992.0,5,1,1709900
710200,,,ASH_COATED_OSMIUM,XIRECS,10008.0,4,1,1710200
711100,,,ASH_COATED_OSMIUM,XIRECS,9990.0,3,1,1711100
711900,,,ASH_COATED_OSMIUM,XIRECS,10006.0,7,1,1711900
714600,,,ASH_COATED_OSMIUM,XIRECS,10009.0,6,1,1714600
718200,,,ASH_COATED_OSMIUM,XIRECS,9994.0,7,1,1718200
727200,,,ASH_COATED_OSMIUM,XIRECS,9991.0,9,1,1727200
729400,,,ASH_COATED_OSMIUM,XIRECS,10007.0,10,1,1729400
729500,,,ASH_COATED_OSMIUM,XIRECS,9991.0,4,1,1729500
729500,,,ASH_COATED_OSMIUM,XIRECS,9991.0,6,1,1729500
731900,,,ASH_COATED_OSMIUM,XIRECS,10008.0,5,1,1731900
732800,,,ASH_COATED_OSMIUM,XIRECS,10008.0,2,1,1732800
736300,,,ASH_COATED_OSMIUM,XIRECS,9986.0,10,1,1736300
740000,,,ASH_COATED_OSMIUM,XIRECS,10005.0,2,1,1740000
740200,,,ASH_COATED_OSMIUM,XIRECS,10005.0,9,1,1740200
741500,,,ASH_COATED_OSMIUM,XIRECS,10005.0,2,1,1741500
742300,,,ASH_COATED_OSMIUM,XIRECS,9987.0,6,1,1742300
744200,,,ASH_COATED_OSMIUM,XIRECS,9995.0,4,1,1744200
745200,,,ASH_COATED_OSMIUM,XIRECS,10000.0,10,1,1745200
745600,,,ASH_COATED_OSMIUM,XIRECS,9985.0,6,1,1745600
747500,,,ASH_COATED_OSMIUM,XIRECS,10003.0,2,1,1747500
753100,,,ASH_COATED_OSMIUM,XIRECS,9985.0,4,1,1753100
759900,,,ASH_COATED_OSMIUM,XIRECS,10001.0,6,1,1759900
761900,,,ASH_COATED_OSMIUM,XIRECS,10002.0,9,1,1761900
762800,,,ASH_COATED_OSMIUM,XIRECS,9997.0,8,1,1762800
765800,,,ASH_COATED_OSMIUM,XIRECS,9994.0,4,1,1765800
768500,,,ASH_COATED_OSMIUM,XIRECS,9993.0,2,1,1768500
773000,,,ASH_COATED_OSMIUM,XIRECS,9992.0,2,1,1773000
774300,,,ASH_COATED_OSMIUM,XIRECS,9995.0,9,1,1774300
776200,,,ASH_COATED_OSMIUM,XIRECS,10010.0,4,1,1776200
778300,,,ASH_COATED_OSMIUM,XIRECS,9994.0,5,1,1778300
778600,,,ASH_COATED_OSMIUM,XIRECS,10009.0,7,1,1778600
787800,,,ASH_COATED_OSMIUM,XIRECS,9992.0,3,1,1787800
792100,,,ASH_COATED_OSMIUM,XIRECS,9987.0,9,1,1792100
797000,,,ASH_COATED_OSMIUM,XIRECS,10003.0,2,1,1797000
799500,,,ASH_COATED_OSMIUM,XIRECS,9988.0,2,1,1799500
802300,,,ASH_COATED_OSMIUM,XIRECS,9986.0,6,1,1802300
805500,,,ASH_COATED_OSMIUM,XIRECS,9986.0,8,1,1805500
818800,,,ASH_COATED_OSMIUM,XIRECS,9988.0,2,1,1818800
821700,,,ASH_COATED_OSMIUM,XIRECS,10004.0,6,1,1821700
826700,,,ASH_COATED_OSMIUM,XIRECS,9982.0,6,1,1826700
827600,,,ASH_COATED_OSMIUM,XIRECS,9982.0,2,1,1827600
830500,,,ASH_COATED_OSMIUM,XIRECS,9998.0,3,1,1830500
830600,,,ASH_COATED_OSMIUM,XIRECS,9998.0,7,1,1830600
834000,,,ASH_COATED_OSMIUM,XIRECS,9992.0,3,1,1834000
835100,,,ASH_COATED_OSMIUM,XIRECS,10005.0,3,1,1835100
840600,,,ASH_COATED_OSMIUM,XIRECS,9988.0,2,1,1840600
842600,,,ASH_COATED_OSMIUM,XIRECS,10004.0,3,1,1842600
845900,,,ASH_COATED_OSMIUM,XIRECS,9989.0,9,1,1845900
847200,,,ASH_COATED_OSMIUM,XIRECS,9989.0,3,1,1847200
850900,,,ASH_COATED_OSMIUM,XIRECS,10004.0,5,1,1850900
852400,,,ASH_COATED_OSMIUM,XIRECS,9986.0,5,1,1852400
855000,,,ASH_COATED_OSMIUM,XIRECS,9989.0,4,1,1855000
861700,,,ASH_COATED_OSMIUM,XIRECS,9990.0,3,1,1861700
864700,,,ASH_COATED_OSMIUM,XIRECS,10008.0,6,1,1864700
865200,,,ASH_COATED_OSMIUM,XIRECS,10006.0,5,1,1865200
868300,,,ASH_COATED_OSMIUM,XIRECS,10008.0,4,1,1868300
871400,,,ASH_COATED_OSMIUM,XIRECS,9995.0,9,1,1871400
873900,,,ASH_COATED_OSMIUM,XIRECS,9992.0,5,1,1873900
874900,,,ASH_COATED_OSMIUM,XIRECS,9992.0,7,1,1874900
875600,,,ASH_COATED_OSMIUM,XIRECS,9992.0,4,1,1875600
875800,,,ASH_COATED_OSMIUM,XIRECS,9992.0,6,1,1875800
875900,,,ASH_COATED_OSMIUM,XIRECS,9992.0,6,1,1875900
881900,,,ASH_COATED_OSMIUM,XIRECS,10012.0,10,1,1881900
883100,,,ASH_COATED_OSMIUM,XIRECS,10010.0,2,1,1883100
884800,,,ASH_COATED_OSMIUM,XIRECS,10010.0,8,1,1884800
888100,,,ASH_COATED_OSMIUM,XIRECS,9991.0,6,1,1888100
888200,,,ASH_COATED_OSMIUM,XIRECS,9994.0,5,1,1888200
888600,,,ASH_COATED_OSMIUM,XIRECS,10010.0,2,1,1888600
891300,,,ASH_COATED_OSMIUM,XIRECS,10003.0,3,1,1891300
896700,,,ASH_COATED_OSMIUM,XIRECS,9993.0,3,1,1896700
896900,,,ASH_COATED_OSMIUM,XIRECS,10011.0,10,1,1896900
898000,,,ASH_COATED_OSMIUM,XIRECS,10009.0,10,1,1898000
898800,,,ASH_COATED_OSMIUM,XIRECS,10008.0,4,1,1898800
899100,,,ASH_COATED_OSMIUM,XIRECS,9992.0,9,1,1899100
899600,,,ASH_COATED_OSMIUM,XIRECS,10008.0,5,1,1899600
902700,,,ASH_COATED_OSMIUM,XIRECS,9987.0,4,1,1902700
904100,,,ASH_COATED_OSMIUM,XIRECS,9991.0,3,1,1904100
904700,,,ASH_COATED_OSMIUM,XIRECS,10005.0,6,1,1904700
907700,,,ASH_COATED_OSMIUM,XIRECS,10007.0,5,1,1907700
911300,,,ASH_COATED_OSMIUM,XIRECS,9990.0,6,1,1911300
912500,,,ASH_COATED_OSMIUM,XIRECS,10007.0,5,1,1912500
914500,,,ASH_COATED_OSMIUM,XIRECS,9986.0,10,1,1914500
914700,,,ASH_COATED_OSMIUM,XIRECS,10006.0,5,1,1914700
915600,,,ASH_COATED_OSMIUM,XIRECS,9990.0,5,1,1915600
917100,,,ASH_COATED_OSMIUM,XIRECS,9990.0,6,1,1917100
919000,,,ASH_COATED_OSMIUM,XIRECS,10005.0,3,1,1919000
920000,,,ASH_COATED_OSMIUM,XIRECS,10006.0,5,1,1920000
921500,,,ASH_COATED_OSMIUM,XIRECS,9989.0,4,1,1921500
922500,,,ASH_COATED_OSMIUM,XIRECS,9988.0,5,1,1922500
922600,,,ASH_COATED_OSMIUM,XIRECS,10008.0,3,1,1922600
925200,,,ASH_COATED_OSMIUM,XIRECS,9989.0,2,1,1925200
929800,,,ASH_COATED_OSMIUM,XIRECS,10004.0,3,1,1929800
934300,,,ASH_COATED_OSMIUM,XIRECS,9990.0,6,1,1934300
935000,,,ASH_COATED_OSMIUM,XIRECS,10007.0,5,1,1935000
935200,,,ASH_COATED_OSMIUM,XIRECS,10005.0,3,1,1935200
936400,,,ASH_COATED_OSMIUM,XIRECS,9987.0,3,1,1936400
936400,,,ASH_COATED_OSMIUM,XIRECS,10006.0,6,1,1936400
937900,,,ASH_COATED_OSMIUM,XIRECS,10006.0,2,1,1937900
939300,,,ASH_COATED_OSMIUM,XIRECS,10006.0,2,1,1939300
939400,,,ASH_COATED_OSMIUM,XIRECS,10008.0,3,1,1939400
939900,,,ASH_COATED_OSMIUM,XIRECS,9990.0,4,1,1939900
940300,,,ASH_COATED_OSMIUM,XIRECS,9990.0,6,1,1940300
940900,,,ASH_COATED_OSMIUM,XIRECS,9991.0,4,1,1940900
940900,,,ASH_COATED_OSMIUM,XIRECS,9991.0,9,1,1940900
948900,,,ASH_COATED_OSMIUM,XIRECS,9995.0,4,1,1948900
951500,,,ASH_COATED_OSMIUM,XIRECS,9996.0,6,1,1951500
952000,,,ASH_COATED_OSMIUM,XIRECS,9995.0,6,1,1952000
952900,,,ASH_COATED_OSMIUM,XIRECS,9992.0,9,1,1952900
954500,,,ASH_COATED_OSMIUM,XIRECS,9995.0,5,1,1954500
954800,,,ASH_COATED_OSMIUM,XIRECS,10010.0,5,1,1954800
954800,,,ASH_COATED_OSMIUM,XIRECS,9994.0,7,1,1954800
955200,,,ASH_COATED_OSMIUM,XIRECS,10010.0,6,1,1955200
955300,,,ASH_COATED_OSMIUM,XIRECS,9995.0,6,1,1955300
962100,,,ASH_COATED_OSMIUM,XIRECS,10015.0,5,1,1962100
968200,,,ASH_COATED_OSMIUM,XIRECS,9995.0,3,1,1968200
968700,,,ASH_COATED_OSMIUM,XIRECS,9994.0,6,1,1968700
969300,,,ASH_COATED_OSMIUM,XIRECS,9995.0,3,1,1969300
973300,,,ASH_COATED_OSMIUM,XIRECS,9994.0,2,1,1973300
983900,,,ASH_COATED_OSMIUM,XIRECS,10012.0,7,1,1983900
984200,,,ASH_COATED_OSMIUM,XIRECS,9996.0,2,1,1984200
987100,,,ASH_COATED_OSMIUM,XIRECS,9996.0,6,1,1987100
988000,,,ASH_COATED_OSMIUM,XIRECS,10011.0,6,1,1988000
988100,,,ASH_COATED_OSMIUM,XIRECS,10011.0,8,1,1988100
994100,,,ASH_COATED_OSMIUM,XIRECS,9993.0,10,1,1994100
995800,,,ASH_COATED_OSMIUM,XIRECS,9993.0,6,1,1995800
997100,,,ASH_COATED_OSMIUM,XIRECS,10009.0,6,1,1997100
997800,,,ASH_COATED_OSMIUM,XIRECS,9994.0,5,1,1997800
6300,,,ASH_COATED_OSMIUM,XIRECS,10009.0,5,2,2006300
7000,,,ASH_COATED_OSMIUM,XIRECS,10008.0,4,2,2007000
7100,,,ASH_COATED_OSMIUM,XIRECS,10008.0,3,2,2007100
8600,,,ASH_COATED_OSMIUM,XIRECS,10008.0,5,2,2008600
9300,,,ASH_COATED_OSMIUM,XIRECS,9992.0,7,2,2009300
9700,,,ASH_COATED_OSMIUM,XIRECS,10009.0,5,2,2009700
12500,,,ASH_COATED_OSMIUM,XIRECS,10013.0,10,2,2012500
12600,,,ASH_COATED_OSMIUM,XIRECS,10011.0,9,2,2012600
17700,,,ASH_COATED_OSMIUM,XIRECS,10009.0,5,2,2017700
21200,,,ASH_COATED_OSMIUM,XIRECS,10008.0,10,2,2021200
22000,,,ASH_COATED_OSMIUM,XIRECS,9993.0,5,2,2022000
22700,,,ASH_COATED_OSMIUM,XIRECS,9994.0,9,2,2022700
23200,,,ASH_COATED_OSMIUM,XIRECS,9993.0,6,2,2023200
23600,,,ASH_COATED_OSMIUM,XIRECS,9990.0,6,2,2023600
24600,,,ASH_COATED_OSMIUM,XIRECS,10008.0,5,2,2024600
30100,,,ASH_COATED_OSMIUM,XIRECS,10009.0,5,2,2030100
31500,,,ASH_COATED_OSMIUM,XIRECS,9993.0,10,2,2031500
33800,,,ASH_COATED_OSMIUM,XIRECS,10010.0,4,2,2033800
35100,,,ASH_COATED_OSMIUM,XIRECS,9993.0,7,2,2035100
37300,,,ASH_COATED_OSMIUM,XIRECS,10008.0,7,2,2037300
40500,,,ASH_COATED_OSMIUM,XIRECS,10009.0,8,2,2040500
41100,,,ASH_COATED_OSMIUM,XIRECS,9993.0,6,2,2041100
41900,,,ASH_COATED_OSMIUM,XIRECS,9993.0,6,2,2041900
46300,,,ASH_COATED_OSMIUM,XIRECS,9992.0,4,2,2046300
52500,,,ASH_COATED_OSMIUM,XIRECS,10006.0,5,2,2052500
56500,,,ASH_COATED_OSMIUM,XIRECS,9985.0,2,2,2056500
58200,,,ASH_COATED_OSMIUM,XIRECS,10003.0,6,2,2058200
59500,,,ASH_COATED_OSMIUM,XIRECS,10002.0,5,2,2059500
60800,,,ASH_COATED_OSMIUM,XIRECS,10003.0,8,2,2060800
61800,,,ASH_COATED_OSMIUM,XIRECS,10005.0,5,2,2061800
62200,,,ASH_COATED_OSMIUM,XIRECS,9999.0,3,2,2062200
62300,,,ASH_COATED_OSMIUM,XIRECS,10005.0,2,2,2062300
62800,,,ASH_COATED_OSMIUM,XIRECS,10005.0,9,2,2062800
68000,,,ASH_COATED_OSMIUM,XIRECS,10005.0,5,2,2068000
71300,,,ASH_COATED_OSMIUM,XIRECS,9989.0,10,2,2071300
78300,,,ASH_COATED_OSMIUM,XIRECS,9994.0,2,2,2078300
79400,,,ASH_COATED_OSMIUM,XIRECS,10013.0,4,2,2079400
79600,,,ASH_COATED_OSMIUM,XIRECS,10010.0,5,2,2079600
81400,,,ASH_COATED_OSMIUM,XIRECS,10008.0,2,2,2081400
86800,,,ASH_COATED_OSMIUM,XIRECS,9991.0,10,2,2086800
89000,,,ASH_COATED_OSMIUM,XIRECS,10012.0,4,2,2089000
97500,,,ASH_COATED_OSMIUM,XIRECS,9990.0,6,2,2097500
97600,,,ASH_COATED_OSMIUM,XIRECS,10008.0,6,2,2097600
106900,,,ASH_COATED_OSMIUM,XIRECS,10010.0,7,2,2106900
111300,,,ASH_COATED_OSMIUM,XIRECS,9995.0,3,2,2111300
112200,,,ASH_COATED_OSMIUM,XIRECS,10010.0,2,2,2112200
116600,,,ASH_COATED_OSMIUM,XIRECS,9996.0,8,2,2116600
120700,,,ASH_COATED_OSMIUM,XIRECS,9996.0,5,2,2120700
120800,,,ASH_COATED_OSMIUM,XIRECS,10002.0,5,2,2120800
128900,,,ASH_COATED_OSMIUM,XIRECS,9999.0,3,2,2128900
132300,,,ASH_COATED_OSMIUM,XIRECS,10008.0,4,2,2132300
134100,,,ASH_COATED_OSMIUM,XIRECS,9991.0,2,2,2134100
137400,,,ASH_COATED_OSMIUM,XIRECS,9993.0,7,2,2137400
139000,,,ASH_COATED_OSMIUM,XIRECS,9994.0,7,2,2139000
139100,,,ASH_COATED_OSMIUM,XIRECS,10010.0,2,2,2139100
151400,,,ASH_COATED_OSMIUM,XIRECS,9991.0,6,2,2151400
153700,,,ASH_COATED_OSMIUM,XIRECS,9996.0,5,2,2153700
153800,,,ASH_COATED_OSMIUM,XIRECS,9996.0,5,2,2153800
157600,,,ASH_COATED_OSMIUM,XIRECS,9999.0,5,2,2157600
166700,,,ASH_COATED_OSMIUM,XIRECS,10016.0,6,2,2166700
167900,,,ASH_COATED_OSMIUM,XIRECS,10014.0,4,2,2167900
168000,,,ASH_COATED_OSMIUM,XIRECS,9998.0,8,2,2168000
168600,,,ASH_COATED_OSMIUM,XIRECS,9995.0,6,2,2168600
169500,,,ASH_COATED_OSMIUM,XIRECS,10013.0,5,2,2169500
171200,,,ASH_COATED_OSMIUM,XIRECS,9998.0,3,2,2171200
172200,,,ASH_COATED_OSMIUM,XIRECS,9995.0,2,2,2172200
180500,,,ASH_COATED_OSMIUM,XIRECS,10001.0,2,2,2180500
180600,,,ASH_COATED_OSMIUM,XIRECS,10001.0,5,2,2180600
186800,,,ASH_COATED_OSMIUM,XIRECS,10015.0,5,2,2186800
187700,,,ASH_COATED_OSMIUM,XIRECS,9999.0,2,2,2187700
191200,,,ASH_COATED_OSMIUM,XIRECS,10013.0,10,2,2191200
192800,,,ASH_COATED_OSMIUM,XIRECS,10013.0,3,2,2192800
193800,,,ASH_COATED_OSMIUM,XIRECS,9997.0,3,2,2193800
194400,,,ASH_COATED_OSMIUM,XIRECS,9997.0,4,2,2194400
198500,,,ASH_COATED_OSMIUM,XIRECS,10014.0,2,2,2198500
202000,,,ASH_COATED_OSMIUM,XIRECS,9996.0,2,2,2202000
204900,,,ASH_COATED_OSMIUM,XIRECS,10010.0,9,2,2204900
205800,,,ASH_COATED_OSMIUM,XIRECS,9999.0,5,2,2205800
207200,,,ASH_COATED_OSMIUM,XIRECS,10008.0,2,2,2207200
209800,,,ASH_COATED_OSMIUM,XIRECS,9989.0,9,2,2209800
210100,,,ASH_COATED_OSMIUM,XIRECS,10006.0,3,2,2210100
211000,,,ASH_COATED_OSMIUM,XIRECS,9990.0,8,2,2211000
212000,,,ASH_COATED_OSMIUM,XIRECS,9990.0,7,2,2212000
213500,,,ASH_COATED_OSMIUM,XIRECS,10005.0,5,2,2213500
214400,,,ASH_COATED_OSMIUM,XIRECS,9988.0,8,2,2214400
214600,,,ASH_COATED_OSMIUM,XIRECS,10007.0,6,2,2214600
219100,,,ASH_COATED_OSMIUM,XIRECS,9993.0,5,2,2219100
221300,,,ASH_COATED_OSMIUM,XIRECS,10009.0,10,2,2221300
224700,,,ASH_COATED_OSMIUM,XIRECS,9992.0,7,2,2224700
226400,,,ASH_COATED_OSMIUM,XIRECS,9991.0,5,2,2226400
230100,,,ASH_COATED_OSMIUM,XIRECS,10007.0,4,2,2230100
230600,,,ASH_COATED_OSMIUM,XIRECS,10008.0,7,2,2230600
233600,,,ASH_COATED_OSMIUM,XIRECS,9990.0,7,2,2233600
234200,,,ASH_COATED_OSMIUM,XIRECS,9989.0,6,2,2234200
235100,,,ASH_COATED_OSMIUM,XIRECS,10005.0,6,2,2235100
235800,,,ASH_COATED_OSMIUM,XIRECS,10004.0,5,2,2235800
238200,,,ASH_COATED_OSMIUM,XIRECS,9986.0,8,2,2238200
246200,,,ASH_COATED_OSMIUM,XIRECS,9986.0,3,2,2246200
249400,,,ASH_COATED_OSMIUM,XIRECS,9985.0,6,2,2249400
251000,,,ASH_COATED_OSMIUM,XIRECS,9985.0,4,2,2251000
251900,,,ASH_COATED_OSMIUM,XIRECS,10002.0,3,2,2251900
253600,,,ASH_COATED_OSMIUM,XIRECS,9985.0,3,2,2253600
255700,,,ASH_COATED_OSMIUM,XIRECS,10002.0,4,2,2255700
256000,,,ASH_COATED_OSMIUM,XIRECS,10003.0,5,2,2256000
257900,,,ASH_COATED_OSMIUM,XIRECS,10003.0,7,2,2257900
258200,,,ASH_COATED_OSMIUM,XIRECS,10003.0,3,2,2258200
258500,,,ASH_COATED_OSMIUM,XIRECS,9988.0,9,2,2258500
262400,,,ASH_COATED_OSMIUM,XIRECS,10007.0,10,2,2262400
266300,,,ASH_COATED_OSMIUM,XIRECS,10010.0,3,2,2266300
267000,,,ASH_COATED_OSMIUM,XIRECS,10009.0,5,2,2267000
268400,,,ASH_COATED_OSMIUM,XIRECS,9993.0,7,2,2268400
272000,,,ASH_COATED_OSMIUM,XIRECS,10014.0,3,2,2272000
273000,,,ASH_COATED_OSMIUM,XIRECS,9996.0,6,2,2273000
274000,,,ASH_COATED_OSMIUM,XIRECS,10011.0,3,2,2274000
276900,,,ASH_COATED_OSMIUM,XIRECS,10010.0,5,2,2276900
280600,,,ASH_COATED_OSMIUM,XIRECS,9994.0,6,2,2280600
282800,,,ASH_COATED_OSMIUM,XIRECS,9992.0,8,2,2282800
285700,,,ASH_COATED_OSMIUM,XIRECS,9997.0,10,2,2285700
287000,,,ASH_COATED_OSMIUM,XIRECS,10006.0,2,2,2287000
292000,,,ASH_COATED_OSMIUM,XIRECS,9991.0,7,2,2292000
293700,,,ASH_COATED_OSMIUM,XIRECS,10010.0,4,2,2293700
295400,,,ASH_COATED_OSMIUM,XIRECS,10008.0,10,2,2295400
298500,,,ASH_COATED_OSMIUM,XIRECS,10015.0,6,2,2298500
299900,,,ASH_COATED_OSMIUM,XIRECS,9996.0,4,2,2299900
302600,,,ASH_COATED_OSMIUM,XIRECS,10012.0,2,2,2302600
303200,,,ASH_COATED_OSMIUM,XIRECS,10010.0,8,2,2303200
305000,,,ASH_COATED_OSMIUM,XIRECS,9999.0,5,2,2305000
311500,,,ASH_COATED_OSMIUM,XIRECS,9993.0,10,2,2311500
313100,,,ASH_COATED_OSMIUM,XIRECS,10011.0,5,2,2313100
315300,,,ASH_COATED_OSMIUM,XIRECS,9995.0,5,2,2315300
318600,,,ASH_COATED_OSMIUM,XIRECS,9993.0,5,2,2318600
320400,,,ASH_COATED_OSMIUM,XIRECS,10015.0,7,2,2320400
321800,,,ASH_COATED_OSMIUM,XIRECS,9995.0,10,2,2321800
323700,,,ASH_COATED_OSMIUM,XIRECS,9995.0,6,2,2323700
325600,,,ASH_COATED_OSMIUM,XIRECS,9993.0,6,2,2325600
332900,,,ASH_COATED_OSMIUM,XIRECS,9995.0,5,2,2332900
335800,,,ASH_COATED_OSMIUM,XIRECS,9994.0,10,2,2335800
337100,,,ASH_COATED_OSMIUM,XIRECS,10012.0,8,2,2337100
340500,,,ASH_COATED_OSMIUM,XIRECS,10009.0,4,2,2340500
342900,,,ASH_COATED_OSMIUM,XIRECS,9995.0,9,2,2342900
350000,,,ASH_COATED_OSMIUM,XIRECS,10009.0,3,2,2350000
351800,,,ASH_COATED_OSMIUM,XIRECS,10010.0,5,2,2351800
352200,,,ASH_COATED_OSMIUM,XIRECS,9995.0,4,2,2352200
354400,,,ASH_COATED_OSMIUM,XIRECS,10010.0,3,2,2354400
360900,,,ASH_COATED_OSMIUM,XIRECS,10010.0,5,2,2360900
366200,,,ASH_COATED_OSMIUM,XIRECS,10012.0,5,2,2366200
366200,,,ASH_COATED_OSMIUM,XIRECS,10012.0,7,2,2366200
368900,,,ASH_COATED_OSMIUM,XIRECS,9999.0,5,2,2368900
376000,,,ASH_COATED_OSMIUM,XIRECS,10011.0,2,2,2376000
379500,,,ASH_COATED_OSMIUM,XIRECS,9993.0,9,2,2379500
379800,,,ASH_COATED_OSMIUM,XIRECS,9995.0,8,2,2379800
380200,,,ASH_COATED_OSMIUM,XIRECS,9994.0,5,2,2380200
380400,,,ASH_COATED_OSMIUM,XIRECS,9994.0,6,2,2380400
383300,,,ASH_COATED_OSMIUM,XIRECS,10009.0,8,2,2383300
384100,,,ASH_COATED_OSMIUM,XIRECS,9993.0,3,2,2384100
384800,,,ASH_COATED_OSMIUM,XIRECS,9993.0,7,2,2384800
388200,,,ASH_COATED_OSMIUM,XIRECS,10011.0,10,2,2388200
388500,,,ASH_COATED_OSMIUM,XIRECS,10011.0,7,2,2388500
389500,,,ASH_COATED_OSMIUM,XIRECS,9992.0,2,2,2389500
392200,,,ASH_COATED_OSMIUM,XIRECS,9992.0,4,2,2392200
398600,,,ASH_COATED_OSMIUM,XIRECS,10012.0,9,2,2398600
399300,,,ASH_COATED_OSMIUM,XIRECS,10011.0,5,2,2399300
401200,,,ASH_COATED_OSMIUM,XIRECS,10012.0,5,2,2401200
405700,,,ASH_COATED_OSMIUM,XIRECS,9993.0,6,2,2405700
407200,,,ASH_COATED_OSMIUM,XIRECS,10011.0,4,2,2407200
408200,,,ASH_COATED_OSMIUM,XIRECS,9992.0,6,2,2408200
409000,,,ASH_COATED_OSMIUM,XIRECS,9994.0,2,2,2409000
410100,,,ASH_COATED_OSMIUM,XIRECS,10010.0,3,2,2410100
410200,,,ASH_COATED_OSMIUM,XIRECS,10013.0,5,2,2410200
412500,,,ASH_COATED_OSMIUM,XIRECS,9992.0,7,2,2412500
413900,,,ASH_COATED_OSMIUM,XIRECS,10012.0,5,2,2413900
416000,,,ASH_COATED_OSMIUM,XIRECS,9999.0,2,2,2416000
422200,,,ASH_COATED_OSMIUM,XIRECS,10009.0,6,2,2422200
423200,,,ASH_COATED_OSMIUM,XIRECS,9993.0,6,2,2423200
424000,,,ASH_COATED_OSMIUM,XIRECS,10007.0,8,2,2424000
425300,,,ASH_COATED_OSMIUM,XIRECS,10008.0,4,2,2425300
425600,,,ASH_COATED_OSMIUM,XIRECS,10006.0,8,2,2425600
426000,,,ASH_COATED_OSMIUM,XIRECS,10007.0,7,2,2426000
430500,,,ASH_COATED_OSMIUM,XIRECS,9991.0,4,2,2430500
432600,,,ASH_COATED_OSMIUM,XIRECS,9991.0,6,2,2432600
435000,,,ASH_COATED_OSMIUM,XIRECS,10008.0,4,2,2435000
438900,,,ASH_COATED_OSMIUM,XIRECS,10011.0,5,2,2438900
439500,,,ASH_COATED_OSMIUM,XIRECS,9989.0,6,2,2439500
441100,,,ASH_COATED_OSMIUM,XIRECS,9993.0,3,2,2441100
441600,,,ASH_COATED_OSMIUM,XIRECS,10003.0,4,2,2441600
448900,,,ASH_COATED_OSMIUM,XIRECS,10010.0,5,2,2448900
454100,,,ASH_COATED_OSMIUM,XIRECS,9999.0,6,2,2454100
454400,,,ASH_COATED_OSMIUM,XIRECS,9999.0,8,2,2454400
460800,,,ASH_COATED_OSMIUM,XIRECS,9998.0,5,2,2460800
469200,,,ASH_COATED_OSMIUM,XIRECS,10014.0,3,2,2469200
470800,,,ASH_COATED_OSMIUM,XIRECS,10014.0,9,2,2470800
475200,,,ASH_COATED_OSMIUM,XIRECS,9995.0,6,2,2475200
477400,,,ASH_COATED_OSMIUM,XIRECS,10010.0,5,2,2477400
477900,,,ASH_COATED_OSMIUM,XIRECS,10008.0,3,2,2477900
478200,,,ASH_COATED_OSMIUM,XIRECS,10008.0,3,2,2478200
484300,,,ASH_COATED_OSMIUM,XIRECS,9988.0,9,2,2484300
485200,,,ASH_COATED_OSMIUM,XIRECS,9989.0,6,2,2485200
486400,,,ASH_COATED_OSMIUM,XIRECS,10009.0,5,2,2486400
489100,,,ASH_COATED_OSMIUM,XIRECS,9994.0,6,2,2489100
490700,,,ASH_COATED_OSMIUM,XIRECS,9993.0,3,2,2490700
496300,,,ASH_COATED_OSMIUM,XIRECS,9991.0,3,2,2496300
498300,,,ASH_COATED_OSMIUM,XIRECS,9993.0,7,2,2498300
501000,,,ASH_COATED_OSMIUM,XIRECS,9992.0,2,2,2501000
505400,,,ASH_COATED_OSMIUM,XIRECS,10011.0,5,2,2505400
506500,,,ASH_COATED_OSMIUM,XIRECS,10012.0,3,2,2506500
506800,,,ASH_COATED_OSMIUM,XIRECS,10000.0,2,2,2506800
515500,,,ASH_COATED_OSMIUM,XIRECS,9997.0,6,2,2515500
517700,,,ASH_COATED_OSMIUM,XIRECS,10003.0,3,2,2517700
520900,,,ASH_COATED_OSMIUM,XIRECS,10016.0,6,2,2520900
521700,,,ASH_COATED_OSMIUM,XIRECS,10015.0,5,2,2521700
522200,,,ASH_COATED_OSMIUM,XIRECS,9998.0,5,2,2522200
523600,,,ASH_COATED_OSMIUM,XIRECS,9997.0,9,2,2523600
525500,,,ASH_COATED_OSMIUM,XIRECS,10013.0,3,2,2525500
526000,,,ASH_COATED_OSMIUM,XIRECS,10013.0,7,2,2526000
526400,,,ASH_COATED_OSMIUM,XIRECS,10013.0,5,2,2526400
527700,,,ASH_COATED_OSMIUM,XIRECS,9994.0,3,2,2527700
531200,,,ASH_COATED_OSMIUM,XIRECS,10013.0,2,2,2531200
533800,,,ASH_COATED_OSMIUM,XIRECS,10015.0,4,2,2533800
534300,,,ASH_COATED_OSMIUM,XIRECS,10001.0,6,2,2534300
536800,,,ASH_COATED_OSMIUM,XIRECS,10019.0,2,2,2536800
537400,,,ASH_COATED_OSMIUM,XIRECS,10020.0,2,2,2537400
541000,,,ASH_COATED_OSMIUM,XIRECS,10021.0,6,2,2541000
544100,,,ASH_COATED_OSMIUM,XIRECS,10007.0,7,2,2544100
545400,,,ASH_COATED_OSMIUM,XIRECS,10023.0,2,2,2545400
546100,,,ASH_COATED_OSMIUM,XIRECS,10006.0,5,2,2546100
548100,,,ASH_COATED_OSMIUM,XIRECS,10026.0,9,2,2548100
548400,,,ASH_COATED_OSMIUM,XIRECS,10003.0,4,2,2548400
553700,,,ASH_COATED_OSMIUM,XIRECS,10003.0,5,2,2553700
557200,,,ASH_COATED_OSMIUM,XIRECS,10019.0,6,2,2557200
557600,,,ASH_COATED_OSMIUM,XIRECS,10021.0,6,2,2557600
560100,,,ASH_COATED_OSMIUM,XIRECS,10019.0,6,2,2560100
563900,,,ASH_COATED_OSMIUM,XIRECS,10000.0,3,2,2563900
564300,,,ASH_COATED_OSMIUM,XIRECS,10018.0,3,2,2564300
566300,,,ASH_COATED_OSMIUM,XIRECS,10018.0,5,2,2566300
567200,,,ASH_COATED_OSMIUM,XIRECS,10019.0,5,2,2567200
568500,,,ASH_COATED_OSMIUM,XIRECS,10012.0,5,2,2568500
573800,,,ASH_COATED_OSMIUM,XIRECS,10019.0,6,2,2573800
574600,,,ASH_COATED_OSMIUM,XIRECS,10001.0,9,2,2574600
575200,,,ASH_COATED_OSMIUM,XIRECS,10017.0,2,2,2575200
576900,,,ASH_COATED_OSMIUM,XIRECS,10000.0,10,2,2576900
579000,,,ASH_COATED_OSMIUM,XIRECS,10000.0,9,2,2579000
579400,,,ASH_COATED_OSMIUM,XIRECS,10016.0,5,2,2579400
580300,,,ASH_COATED_OSMIUM,XIRECS,10017.0,3,2,2580300
581300,,,ASH_COATED_OSMIUM,XIRECS,10000.0,4,2,2581300
583100,,,ASH_COATED_OSMIUM,XIRECS,9998.0,4,2,2583100
586600,,,ASH_COATED_OSMIUM,XIRECS,10015.0,6,2,2586600
587200,,,ASH_COATED_OSMIUM,XIRECS,9997.0,5,2,2587200
589200,,,ASH_COATED_OSMIUM,XIRECS,9994.0,2,2,2589200
591500,,,ASH_COATED_OSMIUM,XIRECS,10013.0,10,2,2591500
596200,,,ASH_COATED_OSMIUM,XIRECS,10014.0,7,2,2596200
603100,,,ASH_COATED_OSMIUM,XIRECS,10015.0,9,2,2603100
604700,,,ASH_COATED_OSMIUM,XIRECS,10013.0,6,2,2604700
607300,,,ASH_COATED_OSMIUM,XIRECS,9996.0,3,2,2607300
608300,,,ASH_COATED_OSMIUM,XIRECS,10011.0,8,2,2608300
609600,,,ASH_COATED_OSMIUM,XIRECS,10009.0,6,2,2609600
615100,,,ASH_COATED_OSMIUM,XIRECS,9993.0,3,2,2615100
616100,,,ASH_COATED_OSMIUM,XIRECS,10007.0,2,2,2616100
618800,,,ASH_COATED_OSMIUM,XIRECS,10009.0,10,2,2618800
619900,,,ASH_COATED_OSMIUM,XIRECS,9994.0,5,2,2619900
623900,,,ASH_COATED_OSMIUM,XIRECS,10014.0,3,2,2623900
624100,,,ASH_COATED_OSMIUM,XIRECS,9995.0,4,2,2624100
626000,,,ASH_COATED_OSMIUM,XIRECS,9993.0,2,2,2626000
626400,,,ASH_COATED_OSMIUM,XIRECS,10002.0,3,2,2626400
626700,,,ASH_COATED_OSMIUM,XIRECS,10008.0,4,2,2626700
630100,,,ASH_COATED_OSMIUM,XIRECS,10009.0,2,2,2630100
631200,,,ASH_COATED_OSMIUM,XIRECS,10010.0,9,2,2631200
632400,,,ASH_COATED_OSMIUM,XIRECS,9994.0,5,2,2632400
633900,,,ASH_COATED_OSMIUM,XIRECS,10004.0,2,2,2633900
634300,,,ASH_COATED_OSMIUM,XIRECS,10011.0,6,2,2634300
635100,,,ASH_COATED_OSMIUM,XIRECS,10010.0,6,2,2635100
638000,,,ASH_COATED_OSMIUM,XIRECS,10013.0,4,2,2638000
639500,,,ASH_COATED_OSMIUM,XIRECS,9995.0,7,2,2639500
639600,,,ASH_COATED_OSMIUM,XIRECS,9996.0,4,2,2639600
649200,,,ASH_COATED_OSMIUM,XIRECS,9999.0,3,2,2649200
649900,,,ASH_COATED_OSMIUM,XIRECS,9991.0,4,2,2649900
654200,,,ASH_COATED_OSMIUM,XIRECS,9990.0,5,2,2654200
654400,,,ASH_COATED_OSMIUM,XIRECS,9991.0,3,2,2654400
656900,,,ASH_COATED_OSMIUM,XIRECS,9996.0,5,2,2656900
657900,,,ASH_COATED_OSMIUM,XIRECS,10007.0,10,2,2657900
660600,,,ASH_COATED_OSMIUM,XIRECS,9984.0,6,2,2660600
665200,,,ASH_COATED_OSMIUM,XIRECS,9999.0,5,2,2665200
665700,,,ASH_COATED_OSMIUM,XIRECS,10000.0,8,2,2665700
667500,,,ASH_COATED_OSMIUM,XIRECS,9984.0,4,2,2667500
668100,,,ASH_COATED_OSMIUM,XIRECS,10000.0,3,2,2668100
670500,,,ASH_COATED_OSMIUM,XIRECS,10003.0,2,2,2670500
670800,,,ASH_COATED_OSMIUM,XIRECS,9987.0,9,2,2670800
674800,,,ASH_COATED_OSMIUM,XIRECS,10005.0,7,2,2674800
676700,,,ASH_COATED_OSMIUM,XIRECS,9984.0,5,2,2676700
680300,,,ASH_COATED_OSMIUM,XIRECS,9987.0,6,2,2680300
681500,,,ASH_COATED_OSMIUM,XIRECS,9983.0,3,2,2681500
682900,,,ASH_COATED_OSMIUM,XIRECS,10003.0,7,2,2682900
684100,,,ASH_COATED_OSMIUM,XIRECS,9987.0,8,2,2684100
684700,,,ASH_COATED_OSMIUM,XIRECS,9985.0,3,2,2684700
690800,,,ASH_COATED_OSMIUM,XIRECS,9983.0,5,2,2690800
693100,,,ASH_COATED_OSMIUM,XIRECS,10001.0,4,2,2693100
694700,,,ASH_COATED_OSMIUM,XIRECS,10001.0,8,2,2694700
696600,,,ASH_COATED_OSMIUM,XIRECS,10001.0,3,2,2696600
699600,,,ASH_COATED_OSMIUM,XIRECS,9997.0,9,2,2699600
708200,,,ASH_COATED_OSMIUM,XIRECS,9998.0,5,2,2708200
709600,,,ASH_COATED_OSMIUM,XIRECS,9999.0,2,2,2709600
709800,,,ASH_COATED_OSMIUM,XIRECS,9997.0,5,2,2709800
710100,,,ASH_COATED_OSMIUM,XIRECS,9997.0,7,2,2710100
721400,,,ASH_COATED_OSMIUM,XIRECS,9997.0,4,2,2721400
724600,,,ASH_COATED_OSMIUM,XIRECS,9995.0,2,2,2724600
728100,,,ASH_COATED_OSMIUM,XIRECS,9999.0,10,2,2728100
728400,,,ASH_COATED_OSMIUM,XIRECS,10000.0,9,2,2728400
729300,,,ASH_COATED_OSMIUM,XIRECS,10000.0,8,2,2729300
730000,,,ASH_COATED_OSMIUM,XIRECS,9999.0,2,2,2730000
731100,,,ASH_COATED_OSMIUM,XIRECS,9983.0,5,2,2731100
731200,,,ASH_COATED_OSMIUM,XIRECS,9983.0,7,2,2731200
732000,,,ASH_COATED_OSMIUM,XIRECS,9982.0,6,2,2732000
739900,,,ASH_COATED_OSMIUM,XIRECS,9981.0,4,2,2739900
743700,,,ASH_COATED_OSMIUM,XIRECS,9984.0,2,2,2743700
743700,,,ASH_COATED_OSMIUM,XIRECS,10003.0,8,2,2743700
745000,,,ASH_COATED_OSMIUM,XIRECS,10001.0,6,2,2745000
753500,,,ASH_COATED_OSMIUM,XIRECS,9988.0,7,2,2753500
755400,,,ASH_COATED_OSMIUM,XIRECS,9989.0,3,2,2755400
755800,,,ASH_COATED_OSMIUM,XIRECS,9989.0,2,2,2755800
756200,,,ASH_COATED_OSMIUM,XIRECS,9989.0,9,2,2756200
757100,,,ASH_COATED_OSMIUM,XIRECS,10006.0,6,2,2757100
759600,,,ASH_COATED_OSMIUM,XIRECS,10006.0,3,2,2759600
762600,,,ASH_COATED_OSMIUM,XIRECS,9990.0,7,2,2762600
765700,,,ASH_COATED_OSMIUM,XIRECS,9989.0,6,2,2765700
767500,,,ASH_COATED_OSMIUM,XIRECS,9995.0,3,2,2767500
767600,,,ASH_COATED_OSMIUM,XIRECS,10006.0,10,2,2767600
769400,,,ASH_COATED_OSMIUM,XIRECS,9991.0,6,2,2769400
769500,,,ASH_COATED_OSMIUM,XIRECS,9990.0,7,2,2769500
770200,,,ASH_COATED_OSMIUM,XIRECS,9988.0,5,2,2770200
773600,,,ASH_COATED_OSMIUM,XIRECS,9992.0,5,2,2773600
779300,,,ASH_COATED_OSMIUM,XIRECS,9988.0,4,2,2779300
780200,,,ASH_COATED_OSMIUM,XIRECS,9987.0,4,2,2780200
780800,,,ASH_COATED_OSMIUM,XIRECS,10006.0,6,2,2780800
781500,,,ASH_COATED_OSMIUM,XIRECS,10008.0,3,2,2781500
782400,,,ASH_COATED_OSMIUM,XIRECS,9987.0,4,2,2782400
782700,,,ASH_COATED_OSMIUM,XIRECS,10004.0,6,2,2782700
783400,,,ASH_COATED_OSMIUM,XIRECS,10005.0,2,2,2783400
784600,,,ASH_COATED_OSMIUM,XIRECS,10006.0,4,2,2784600
787100,,,ASH_COATED_OSMIUM,XIRECS,10008.0,4,2,2787100
788800,,,ASH_COATED_OSMIUM,XIRECS,9989.0,6,2,2788800
793200,,,ASH_COATED_OSMIUM,XIRECS,10005.0,4,2,2793200
794800,,,ASH_COATED_OSMIUM,XIRECS,9990.0,5,2,2794800
797200,,,ASH_COATED_OSMIUM,XIRECS,10004.0,10,2,2797200
797300,,,ASH_COATED_OSMIUM,XIRECS,10004.0,6,2,2797300
798000,,,ASH_COATED_OSMIUM,XIRECS,10006.0,3,2,2798000
802800,,,ASH_COATED_OSMIUM,XIRECS,10006.0,5,2,2802800
803300,,,ASH_COATED_OSMIUM,XIRECS,10006.0,10,2,2803300
804000,,,ASH_COATED_OSMIUM,XIRECS,9987.0,3,2,2804000
804400,,,ASH_COATED_OSMIUM,XIRECS,10009.0,4,2,2804400
805400,,,ASH_COATED_OSMIUM,XIRECS,10006.0,2,2,2805400
808300,,,ASH_COATED_OSMIUM,XIRECS,10010.0,5,2,2808300
808600,,,ASH_COATED_OSMIUM,XIRECS,9993.0,2,2,2808600
809300,,,ASH_COATED_OSMIUM,XIRECS,10011.0,5,2,2809300
812300,,,ASH_COATED_OSMIUM,XIRECS,9991.0,2,2,2812300
812600,,,ASH_COATED_OSMIUM,XIRECS,10010.0,2,2,2812600
814300,,,ASH_COATED_OSMIUM,XIRECS,9994.0,5,2,2814300
815000,,,ASH_COATED_OSMIUM,XIRECS,9994.0,4,2,2815000
821100,,,ASH_COATED_OSMIUM,XIRECS,9995.0,9,2,2821100
830800,,,ASH_COATED_OSMIUM,XIRECS,9995.0,9,2,2830800
831100,,,ASH_COATED_OSMIUM,XIRECS,10012.0,4,2,2831100
842100,,,ASH_COATED_OSMIUM,XIRECS,10012.0,5,2,2842100
843800,,,ASH_COATED_OSMIUM,XIRECS,10013.0,4,2,2843800
852800,,,ASH_COATED_OSMIUM,XIRECS,10007.0,5,2,2852800
853100,,,ASH_COATED_OSMIUM,XIRECS,9996.0,5,2,2853100
854000,,,ASH_COATED_OSMIUM,XIRECS,10014.0,6,2,2854000
856500,,,ASH_COATED_OSMIUM,XIRECS,9992.0,5,2,2856500
860600,,,ASH_COATED_OSMIUM,XIRECS,9992.0,2,2,2860600
861400,,,ASH_COATED_OSMIUM,XIRECS,9993.0,4,2,2861400
861600,,,ASH_COATED_OSMIUM,XIRECS,10009.0,2,2,2861600
864000,,,ASH_COATED_OSMIUM,XIRECS,10007.0,3,2,2864000
864600,,,ASH_COATED_OSMIUM,XIRECS,9990.0,3,2,2864600
871900,,,ASH_COATED_OSMIUM,XIRECS,10009.0,5,2,2871900
872600,,,ASH_COATED_OSMIUM,XIRECS,9991.0,3,2,2872600
875700,,,ASH_COATED_OSMIUM,XIRECS,9988.0,10,2,2875700
880100,,,ASH_COATED_OSMIUM,XIRECS,9992.0,3,2,2880100
881300,,,ASH_COATED_OSMIUM,XIRECS,9991.0,4,2,2881300
882400,,,ASH_COATED_OSMIUM,XIRECS,10007.0,5,2,2882400
883800,,,ASH_COATED_OSMIUM,XIRECS,10006.0,5,2,2883800
885400,,,ASH_COATED_OSMIUM,XIRECS,9988.0,2,2,2885400
885600,,,ASH_COATED_OSMIUM,XIRECS,10006.0,4,2,2885600
890500,,,ASH_COATED_OSMIUM,XIRECS,9988.0,5,2,2890500
891900,,,ASH_COATED_OSMIUM,XIRECS,10008.0,6,2,2891900
892800,,,ASH_COATED_OSMIUM,XIRECS,9989.0,6,2,2892800
903100,,,ASH_COATED_OSMIUM,XIRECS,10011.0,10,2,2903100
908600,,,ASH_COATED_OSMIUM,XIRECS,10006.0,4,2,2908600
920200,,,ASH_COATED_OSMIUM,XIRECS,10003.0,4,2,2920200
922300,,,ASH_COATED_OSMIUM,XIRECS,10001.0,6,2,2922300
923500,,,ASH_COATED_OSMIUM,XIRECS,10017.0,8,2,2923500
924900,,,ASH_COATED_OSMIUM,XIRECS,10000.0,2,2,2924900
924900,,,ASH_COATED_OSMIUM,XIRECS,10016.0,5,2,2924900
927400,,,ASH_COATED_OSMIUM,XIRECS,9996.0,9,2,2927400
928900,,,ASH_COATED_OSMIUM,XIRECS,10015.0,2,2,2928900
929200,,,ASH_COATED_OSMIUM,XIRECS,10004.0,4,2,2929200
930200,,,ASH_COATED_OSMIUM,XIRECS,9997.0,3,2,2930200
933000,,,ASH_COATED_OSMIUM,XIRECS,10017.0,9,2,2933000
934300,,,ASH_COATED_OSMIUM,XIRECS,10015.0,2,2,2934300
941400,,,ASH_COATED_OSMIUM,XIRECS,10014.0,6,2,2941400
942800,,,ASH_COATED_OSMIUM,XIRECS,10013.0,6,2,2942800
944500,,,ASH_COATED_OSMIUM,XIRECS,10015.0,10,2,2944500
950000,,,ASH_COATED_OSMIUM,XIRECS,10019.0,4,2,2950000
964900,,,ASH_COATED_OSMIUM,XIRECS,10004.0,2,2,2964900
966200,,,ASH_COATED_OSMIUM,XIRECS,10003.0,5,2,2966200
972600,,,ASH_COATED_OSMIUM,XIRECS,10002.0,3,2,2972600
974300,,,ASH_COATED_OSMIUM,XIRECS,10018.0,4,2,2974300
980200,,,ASH_COATED_OSMIUM,XIRECS,10000.0,4,2,2980200
987400,,,ASH_COATED_OSMIUM,XIRECS,10016.0,9,2,2987400
990400,,,ASH_COATED_OSMIUM,XIRECS,10006.0,2,2,2990400
991600,,,ASH_COATED_OSMIUM,XIRECS,10018.0,5,2,2991600
993100,,,ASH_COATED_OSMIUM,XIRECS,10017.0,3,2,2993100
993400,,,ASH_COATED_OSMIUM,XIRECS,10000.0,3,2,2993400
998000,,,ASH_COATED_OSMIUM,XIRECS,10000.0,6,2,2998000
998400,,,ASH_COATED_OSMIUM,XIRECS,9999.0,5,2,2998400
